,Kilometerstand,Erstzulassung,Leistung,Getriebe,Anzahl der Fahrzeughalter,Kraftstoffart,Fahrzeugzustand,Kategorie,Hubraum,Verbrauch,CO₂-Emissionen,Anzahl der Türen,Klimatisierung,Farbe,Innenausstattung,Price,Dealer,Ad_link,Umweltplakette,Farbe (Hersteller),Baujahr,Zugr.-lgd. Treibstoffart
0,148.925 km,01/2009,283 kW (385 PS),Automatik,3,Benzin,Unfallfrei,Sportwagen / Coupé,3.800 cm³,"ca. 11,0 l/100km (kombiniert)ca. 16,5 l/100km (innerorts)ca. 7,7 l/100km (außerorts)",ca. 259 g/km (kombiniert),2/3,2-Zonen-Klimaautomatik,Schwarz Metallic,"Vollleder, Schwarz",59.900 €,Privatanbieter,https://suchen.mobile.de/fahrzeuge/details.html?id=376392454&dam=0&fr=2009%3A2011&isSearchRequest=true&ms=20100%3B17%3B%3B&pageNumber=7&pw=%3A295&ref=srp&refId=88a9c63e-950f-1558-9fc1-cca59e925faf&sb=rel&searchId=88a9c63e-950f-1558-9fc1-cca59e925faf&vc=Car,,,,
1,188.997 km,08/2009,283 kW (385 PS),Automatik,,Benzin,,Sportwagen / Coupé,3.800 cm³,"ca. 10,7 l/100km (kombiniert)ca. 15,8 l/100km (innerorts)ca. 7,7 l/100km (außerorts)",ca. 251 g/km (kombiniert),2/3,2-Zonen-Klimaautomatik,Schwarz Metallic,"Vollleder, Schwarz",49.990 €,Autozentrum Rheinland,https://suchen.mobile.de/fahrzeuge/details.html?id=367309574&dam=0&fr=2009%3A2011&isSearchRequest=true&ms=20100%3B17%3B%3B&pageNumber=7&pw=%3A295&ref=srp&refId=88a9c63e-950f-1558-9fc1-cca59e925faf&sb=rel&searchId=88a9c63e-950f-1558-9fc1-cca59e925faf&vc=Car,4 (Grün),Schwarz,,
2,22.500 km,12/2009,283 kW (385 PS),Automatik,2,Benzin,Unfallfrei,Cabrio / Roadster,3.800 cm³,"ca. 11,0 l/100km (kombiniert)ca. 16,5 l/100km (innerorts)ca. 7,9 l/100km (außerorts)",ca. 259 g/km (kombiniert),2/3,Klimaautomatik,Weiß,"Vollleder, Schwarz",95.000 €,Hans Schlund Automobile,https://suchen.mobile.de/fahrzeuge/details.html?id=378047641&dam=0&fr=2009%3A2011&isSearchRequest=true&ms=20100%3B17%3B%3B&pageNumber=7&pw=%3A295&ref=srp&refId=88a9c63e-950f-1558-9fc1-cca59e925faf&sb=rel&searchId=88a9c63e-950f-1558-9fc1-cca59e925faf&vc=Car,4 (Grün),Carraraweiß,,
3,82.295 km,07/2011,283 kW (385 PS),Schaltgetriebe,,Benzin,Unfallfrei,Cabrio / Roadster,3.800 cm³,"ca. 11,0 l/100km (kombiniert)ca. 16,5 l/100km (innerorts)ca. 7,9 l/100km (außerorts)",ca. 259 g/km (kombiniert),2/3,Klimaautomatik,Rot Metallic,"Vollleder, Schwarz",85.999 €,GDCauto - De Clercq Geert NV,https://suchen.mobile.de/fahrzeuge/details.html?id=342406831&dam=0&fr=2009%3A2011&isSearchRequest=true&ms=20100%3B17%3B%3B&pageNumber=7&pw=%3A295&ref=srp&refId=88a9c63e-950f-1558-9fc1-cca59e925faf&sb=rel&searchId=88a9c63e-950f-1558-9fc1-cca59e925faf&vc=Car,,RUBY RED,,
4,85.000 km,10/2010,283 kW (385 PS),Automatik,,Benzin,Unfallfrei,Cabrio / Roadster,3.800 cm³,"ca. 10,7 l/100km (kombiniert)ca. 16,1 l/100km (innerorts)ca. 7,7 l/100km (außerorts)",ca. 251 g/km (kombiniert),2/3,Klimaautomatik,Grau Metallic,"Vollleder, Braun",82.250 €,Nordic Drive ApS,https://suchen.mobile.de/fahrzeuge/details.html?id=370723556&dam=0&fr=2009%3A2011&isSearchRequest=true&ms=20100%3B17%3B%3B&pageNumber=7&pw=%3A295&ref=srp&refId=88a9c63e-950f-1558-9fc1-cca59e925faf&sb=rel&searchId=88a9c63e-950f-1558-9fc1-cca59e925faf&vc=Car,,Meteorgraumetallic,,
5,127.406 km,07/2009,283 kW (385 PS),Schaltgetriebe,,Benzin,,Sportwagen / Coupé,3.800 cm³,"ca. 11,0 l/100km (kombiniert)ca. 16,5 l/100km (innerorts)ca. 7,9 l/100km (außerorts)",ca. 261 g/km (kombiniert),2/3,Klimaautomatik,Silber Metallic,"Vollleder, Schwarz",69.950 €,Philipp Hübsch - Automobilvertrieb,https://suchen.mobile.de/fahrzeuge/details.html?id=378468132&dam=0&fr=2009%3A2011&isSearchRequest=true&ms=20100%3B17%3B%3B&pageNumber=7&pw=%3A295&ref=srp&refId=88a9c63e-950f-1558-9fc1-cca59e925faf&sb=rel&searchId=88a9c63e-950f-1558-9fc1-cca59e925faf&vc=Car,,GT-Silber metallic,,
6,90.681 km,01/2009,283 kW (385 PS),Automatik,,Benzin,,Sportwagen / Coupé,3.800 cm³,,,2/3,Keine Klimaanlage oder -automatik,Grau,"Vollleder, Schwarz",74.950 €,HooG Selections B.V.,https://suchen.mobile.de/fahrzeuge/details.html?id=373828321&dam=0&fr=2009%3A2011&isSearchRequest=true&ms=20100%3B17%3B%3B&pageNumber=7&pw=%3A295&ref=srp&refId=88a9c63e-950f-1558-9fc1-cca59e925faf&sb=rel&searchId=88a9c63e-950f-1558-9fc1-cca59e925faf&vc=Car,,METEORGREY,2009,
7,117.100 km,02/2009,254 kW (345 PS),Automatik,2,Benzin,Unfallfrei,Sportwagen / Coupé,3.614 cm³,"ca. 10,3 l/100km (kombiniert)ca. 15,5 l/100km (innerorts)ca. 7,2 l/100km (außerorts)",ca. 242 g/km (kombiniert),2/3,2-Zonen-Klimaautomatik,Braun,"Vollleder, Braun",72.900 €,"Cohen & Cars, Promosol Sliglo XXI SLU",https://suchen.mobile.de/fahrzeuge/details.html?id=342771816&dam=0&fr=2009%3A2011&isSearchRequest=true&ms=20100%3B17%3B%3B&pageNumber=7&pw=%3A295&ref=srp&refId=88a9c63e-950f-1558-9fc1-cca59e925faf&sb=rel&searchId=88a9c63e-950f-1558-9fc1-cca59e925faf&vc=Car,,Macadamia,,
8,10.700 km,10/2010,283 kW (385 PS),Automatik,,Benzin,,Cabrio / Roadster,3.800 cm³,,,2/3,Klimaautomatik,Schwarz,"Teilleder, Schwarz",84.000 €,RVM Exclusive Cars GmbH,https://suchen.mobile.de/fahrzeuge/details.html?id=369110892&dam=0&fr=2009%3A2011&isSearchRequest=true&ms=20100%3B17%3B%3B&pageNumber=7&pw=%3A295&ref=srp&refId=88a9c63e-950f-1558-9fc1-cca59e925faf&sb=rel&searchId=88a9c63e-950f-1558-9fc1-cca59e925faf&vc=Car,4 (Grün),Schwarz,,
9,19.000 km,05/2009,283 kW (385 PS),Automatik,1,Benzin,Unfallfrei,Sportwagen / Coupé,3.800 cm³,"ca. 11,0 l/100km (kombiniert)ca. 16,5 l/100km (innerorts)ca. 7,9 l/100km (außerorts)",ca. 259 g/km (kombiniert),2/3,Klimaautomatik,Silber Metallic,"Vollleder, Andere",87.500 €,Hans Schlund Automobile,https://suchen.mobile.de/fahrzeuge/details.html?id=339393390&dam=0&fr=2009%3A2011&isSearchRequest=true&ms=20100%3B17%3B%3B&pageNumber=7&pw=%3A295&ref=srp&refId=88a9c63e-950f-1558-9fc1-cca59e925faf&sb=rel&searchId=88a9c63e-950f-1558-9fc1-cca59e925faf&vc=Car,4 (Grün),Arktissilbermetallic,,Benzin
10,13.600 km,02/2009,283 kW (385 PS),Schaltgetriebe,2,Benzin,Unfallfrei,Sportwagen / Coupé,3.800 cm³,"ca. 10,6 l/100km (kombiniert)ca. 15,9 l/100km (innerorts)ca. 7,6 l/100km (außerorts)",ca. 250 g/km (kombiniert),,Klimaautomatik,Schwarz Metallic,"Vollleder, Schwarz",79.500 €,Privatanbieter,https://suchen.mobile.de/fahrzeuge/details.html?id=379848311&action=eyeCatcher&dam=0&fr=2009%3A2011&isSearchRequest=true&ms=20100%3B17%3B%3B&pageNumber=7&pw=%3A295&ref=srp&refId=88a9c63e-950f-1558-9fc1-cca59e925faf&sb=rel&searchId=88a9c63e-950f-1558-9fc1-cca59e925faf&vc=Car,4 (Grün),,,
11,75.500 km,01/2009,254 kW (345 PS),Automatik,,Benzin,Unfallfrei,Sportwagen / Coupé,3.610 cm³,"ca. 11,4 l/100km (kombiniert)ca. 16,5 l/100km (innerorts)ca. 8,1 l/100km (außerorts)",ca. 268 g/km (kombiniert),2/3,Klimaautomatik,Rot Metallic,"Vollleder, Beige",74.500 €,Privatanbieter,https://suchen.mobile.de/fahrzeuge/details.html?id=369333821&dam=0&fr=2009%3A2011&isSearchRequest=true&ms=20100%3B17%3B%3B&pageNumber=7&pw=%3A295&ref=srp&refId=88a9c63e-950f-1558-9fc1-cca59e925faf&sb=rel&searchId=88a9c63e-950f-1558-9fc1-cca59e925faf&vc=Car,,,,
12,75.007 km,05/2009,283 kW (385 PS),Schaltgetriebe,,Benzin,,Sportwagen / Coupé,3.800 cm³,,ca. 259 g/km (kombiniert),2/3,Keine Klimaanlage oder -automatik,Weiß,"Vollleder, Grau",77.500 €,HooG Selections B.V.,https://suchen.mobile.de/fahrzeuge/details.html?id=375647421&dam=0&fr=2009%3A2011&isSearchRequest=true&ms=20100%3B17%3B%3B&pageNumber=7&pw=%3A295&ref=srp&refId=88a9c63e-950f-1558-9fc1-cca59e925faf&sb=rel&searchId=88a9c63e-950f-1558-9fc1-cca59e925faf&vc=Car,,CARRARAWEISS,2009,
13,7.200 km,07/2011,283 kW (385 PS),Automatik,1,Benzin,,Sportwagen / Coupé,3.800 cm³,"ca. 10,7 l/100km (kombiniert)ca. 15,8 l/100km (innerorts)ca. 7,7 l/100km (außerorts)",ca. 251 g/km (kombiniert),2/3,Klimaautomatik,Silber Metallic,"Vollleder, Schwarz",96.880 €,Porsche Zentrum Schwäbisch Gmünd Hahn Sportwagen Schwäbisch Gmünd GmbH,https://suchen.mobile.de/fahrzeuge/details.html?id=379976215&dam=0&fr=2009%3A2011&isSearchRequest=true&ms=20100%3B17%3B%3B&pageNumber=7&pw=%3A295&ref=srp&refId=88a9c63e-950f-1558-9fc1-cca59e925faf&sb=rel&searchId=88a9c63e-950f-1558-9fc1-cca59e925faf&vc=Car,4 (Grün),Platinsilbermetallic,2011,Benzin Super Plus
14,69.980 km,09/2010,283 kW (385 PS),Schaltgetriebe,,Benzin,Unfallfrei,Cabrio / Roadster,3.800 cm³,"ca. 10,8 l/100km (kombiniert)ca. 16,2 l/100km (innerorts)ca. 7,7 l/100km (außerorts)",ca. 254 g/km (kombiniert),2/3,Klimaautomatik,Braun Metallic,"Vollleder, Beige",84.900 €,Motorlegenden,https://suchen.mobile.de/fahrzeuge/details.html?id=378818127&dam=0&fr=2009%3A2011&isSearchRequest=true&ms=20100%3B17%3B%3B&pageNumber=7&pw=%3A295&ref=srp&refId=88a9c63e-950f-1558-9fc1-cca59e925faf&sb=rel&searchId=88a9c63e-950f-1558-9fc1-cca59e925faf&vc=Car,,Macadamia,,
15,197.076 km,05/2009,283 kW (385 PS),Automatik,1,Benzin,,Sportwagen / Coupé,3.800 cm³,"ca. 10,7 l/100km (kombiniert)ca. 15,8 l/100km (innerorts)ca. 7,7 l/100km (außerorts)",ca. 251 g/km (kombiniert),2/3,Klimaautomatik,Blau Metallic,Vollleder,68.890 €,Autohaus am Steinheimer Tor GmbH,https://suchen.mobile.de/fahrzeuge/details.html?id=379368260&dam=0&fr=2009%3A2011&isSearchRequest=true&ms=20100%3B17%3B%3B&pageNumber=7&pw=%3A295&ref=srp&refId=88a9c63e-950f-1558-9fc1-cca59e925faf&sb=rel&searchId=88a9c63e-950f-1558-9fc1-cca59e925faf&vc=Car,4 (Grün),Nachtblau-Metallic,,
16,175.830 km,05/2009,283 kW (385 PS),Automatik,5,Benzin,,Sportwagen / Coupé,3.800 cm³,"ca. 10,5 l/100km (kombiniert)ca. 15,8 l/100km (innerorts)ca. 7,5 l/100km (außerorts)",ca. 247 g/km (kombiniert),2/3,Klimaautomatik,Weiß,"Stoff, Schwarz",57.555 €,Garage Grooten bv,https://suchen.mobile.de/fahrzeuge/details.html?id=375087790&dam=0&fr=2009%3A2011&isSearchRequest=true&ms=20100%3B17%3B%3B&pageNumber=7&pw=%3A295&ref=srp&refId=88a9c63e-950f-1558-9fc1-cca59e925faf&sb=rel&searchId=88a9c63e-950f-1558-9fc1-cca59e925faf&vc=Car,,,2009,Benzin
17,53.500 km,11/2010,254 kW (345 PS),Automatik,2,Benzin,Unfallfrei,Cabrio / Roadster,3.614 cm³,"ca. 10,3 l/100km (kombiniert)ca. 15,5 l/100km (innerorts)ca. 7,4 l/100km (außerorts)",ca. 242 g/km (kombiniert),2/3,Klimaautomatik,Schwarz Metallic,"Vollleder, Andere",82.997 €,Porsche Zentrum Kassel Glinicke Sportwagen GmbH,https://suchen.mobile.de/fahrzeuge/details.html?id=370698076&dam=0&fr=2009%3A2011&isSearchRequest=true&ms=20100%3B17%3B%3B&pageNumber=7&pw=%3A295&ref=srp&refId=88a9c63e-950f-1558-9fc1-cca59e925faf&sb=rel&searchId=88a9c63e-950f-1558-9fc1-cca59e925faf&vc=Car,4 (Grün),Basaltschwarz-metallic,2010,
18,97.540 km,12/2010,283 kW (385 PS),Automatik,,Benzin,Unfallfrei,Sportwagen / Coupé,3.800 cm³,"ca. 10,6 l/100km (kombiniert)ca. 15,9 l/100km (innerorts)ca. 7,6 l/100km (außerorts)",ca. 250 g/km (kombiniert),2/3,Klimaautomatik,Schwarz Metallic,"Vollleder, Schwarz",64.997 €,Privatanbieter,https://suchen.mobile.de/fahrzeuge/details.html?id=379233418&action=eyeCatcher&dam=0&fr=2009%3A2011&isSearchRequest=true&ms=20100%3B17%3B%3B&pageNumber=2&pw=%3A295&ref=srp&refId=6198d15e-739c-eec0-402b-9ddcb60400e6&sb=rel&searchId=6198d15e-739c-eec0-402b-9ddcb60400e6&vc=Car,4 (Grün),,,
19,100.300 km,11/2010,283 kW (385 PS),Schaltgetriebe,,Benzin,,Sportwagen / Coupé,3.800 cm³,"ca. 10,6 l/100km (kombiniert)ca. 15,9 l/100km (innerorts)ca. 7,6 l/100km (außerorts)",ca. 251 g/km (kombiniert),2/3,Klimaautomatik,Schwarz Metallic,"Vollleder, Beige",48.990 €,Autohaus Selcuk,https://suchen.mobile.de/fahrzeuge/details.html?id=373080914&dam=0&fr=2009%3A2011&isSearchRequest=true&ms=20100%3B17%3B%3B&pageNumber=2&pw=%3A295&ref=srp&refId=6198d15e-739c-eec0-402b-9ddcb60400e6&sb=rel&searchId=6198d15e-739c-eec0-402b-9ddcb60400e6&vc=Car,4 (Grün),Basaltschwarz-metallic,,
20,87.000 km,10/2011,254 kW (345 PS),Automatik,4,Benzin,,Sportwagen / Coupé,3.614 cm³,"ca. 9,8 l/100km (kombiniert)ca. 14,7 l/100km (innerorts)ca. 7,0 l/100km (außerorts)",ca. 230 g/km (kombiniert),2/3,Klimaautomatik,Schwarz,"Vollleder, Schwarz",66.888 €,Autohaus Krah & Enders GmbH,https://suchen.mobile.de/fahrzeuge/details.html?id=368535592&dam=0&fr=2009%3A2011&isSearchRequest=true&ms=20100%3B17%3B%3B&pageNumber=2&pw=%3A295&ref=srp&refId=6198d15e-739c-eec0-402b-9ddcb60400e6&sb=rel&searchId=6198d15e-739c-eec0-402b-9ddcb60400e6&vc=Car,4 (Grün),Black 041,,
21,96.911 km,07/2011,254 kW (345 PS),Automatik,2,Benzin,Unfallfrei,Sportwagen / Coupé,3.614 cm³,"ca. 9,9 l/100km (kombiniert)ca. 14,9 l/100km (innerorts)ca. 7,1 l/100km (außerorts)",ca. 233 g/km (kombiniert),2/3,Klimaautomatik,Schwarz,"Vollleder, Schwarz",65.911 €,Auto Böse & Steinbach GmbH,https://suchen.mobile.de/fahrzeuge/details.html?id=375099342&dam=0&fr=2009%3A2011&isSearchRequest=true&ms=20100%3B17%3B%3B&pageNumber=2&pw=%3A295&ref=srp&refId=6198d15e-739c-eec0-402b-9ddcb60400e6&sb=rel&searchId=6198d15e-739c-eec0-402b-9ddcb60400e6&vc=Car,4 (Grün),Schwarz,,
22,126.432 km,07/2010,283 kW (385 PS),Automatik,,Benzin,Unfallfrei,Sportwagen / Coupé,3.800 cm³,"ca. 10,2 l/100km (kombiniert)ca. 15,3 l/100km (innerorts)ca. 7,3 l/100km (außerorts)",ca. 240 g/km (kombiniert),2/3,2-Zonen-Klimaautomatik,Schwarz Metallic,"Vollleder, Schwarz",65.997 €,Autohaus Reisert Vertriebs GmbH,https://suchen.mobile.de/fahrzeuge/details.html?id=378390135&action=eyeCatcher&dam=0&fr=2009%3A2011&isSearchRequest=true&ms=20100%3B17%3B%3B&pageNumber=2&pw=%3A295&ref=srp&refId=6198d15e-739c-eec0-402b-9ddcb60400e6&sb=rel&searchId=6198d15e-739c-eec0-402b-9ddcb60400e6&vc=Car,4 (Grün),Basaltschwarz-metallic,,
23,138.500 km,07/2009,283 kW (385 PS),Automatik,3,Benzin,Unfallfrei,Cabrio / Roadster,3.800 cm³,"ca. 11,2 l/100km (kombiniert)ca. 16,8 l/100km (innerorts)ca. 8,0 l/100km (außerorts)",ca. 263 g/km (kombiniert),2/3,Klimaautomatik,Braun Metallic,"Vollleder, Braun",57.997 €,Privatanbieter,https://suchen.mobile.de/fahrzeuge/details.html?id=379631532&action=eyeCatcher&dam=0&fr=2009%3A2011&isSearchRequest=true&ms=20100%3B17%3B%3B&pageNumber=2&pw=%3A295&ref=srp&refId=6198d15e-739c-eec0-402b-9ddcb60400e6&sb=rel&searchId=6198d15e-739c-eec0-402b-9ddcb60400e6&vc=Car,4 (Grün),,,
24,113.000 km,07/2009,283 kW (385 PS),Automatik,4,Benzin,Unfallfrei,Sportwagen / Coupé,3.800 cm³,"ca. 11,0 l/100km (kombiniert)ca. 16,5 l/100km (innerorts)ca. 7,9 l/100km (außerorts)",ca. 259 g/km (kombiniert),2/3,Klimaautomatik,Rot,"Vollleder, Braun",61.997 €,Privatanbieter,https://suchen.mobile.de/fahrzeuge/details.html?id=377395063&action=eyeCatcher&dam=0&fr=2009%3A2011&isSearchRequest=true&ms=20100%3B17%3B%3B&pageNumber=2&pw=%3A295&ref=srp&refId=6198d15e-739c-eec0-402b-9ddcb60400e6&sb=rel&searchId=6198d15e-739c-eec0-402b-9ddcb60400e6&vc=Car,4 (Grün),,,
25,64.415 km,09/2009,261 kW (355 PS),Schaltgetriebe,2,Benzin,Unfallfrei,Cabrio / Roadster,3.824 cm³,"ca. 11,8 l/100km (kombiniert)ca. 17,5 l/100km (innerorts)ca. 8,5 l/100km (außerorts)",ca. 285 g/km (kombiniert),2/3,2-Zonen-Klimaautomatik,Blau Metallic,"Vollleder, Beige",59.990 €,A.K. Automobile,https://suchen.mobile.de/fahrzeuge/details.html?id=379459146&dam=0&fr=2009%3A2011&isSearchRequest=true&ms=20100%3B17%3B%3B&pageNumber=2&pw=%3A295&ref=srp&refId=6198d15e-739c-eec0-402b-9ddcb60400e6&sb=rel&searchId=6198d15e-739c-eec0-402b-9ddcb60400e6&vc=Car,4 (Grün),Nachtblau-Metallic,,
26,99.554 km,02/2010,283 kW (385 PS),Automatik,,Benzin,Unfallfrei,Cabrio / Roadster,3.800 cm³,"ca. 10,3 l/100km (kombiniert)ca. 15,5 l/100km (innerorts)ca. 7,2 l/100km (außerorts)",ca. 242 g/km (kombiniert),2/3,Klimaautomatik,Schwarz Metallic,"Vollleder, Schwarz",69.890 €,Automotive Passion GmbH,https://suchen.mobile.de/fahrzeuge/details.html?id=369844789&dam=0&fr=2009%3A2011&isSearchRequest=true&ms=20100%3B17%3B%3B&pageNumber=2&pw=%3A295&ref=srp&refId=6198d15e-739c-eec0-402b-9ddcb60400e6&sb=rel&searchId=6198d15e-739c-eec0-402b-9ddcb60400e6&vc=Car,4 (Grün),Z4 basaltschwarzmetallic,,
27,78.000 km,03/2010,254 kW (345 PS),Automatik,,Benzin,Unfallfrei,Cabrio / Roadster,3.614 cm³,"ca. 9,9 l/100km (kombiniert)ca. 14,9 l/100km (innerorts)ca. 7,1 l/100km (außerorts)",ca. 233 g/km (kombiniert),2/3,Klimaautomatik,Schwarz Metallic,"Vollleder, Schwarz",64.800 €,H.Waltner GmbH,https://suchen.mobile.de/fahrzeuge/details.html?id=379092433&dam=0&fr=2009%3A2011&isSearchRequest=true&ms=20100%3B17%3B%3B&pageNumber=2&pw=%3A295&ref=srp&refId=6198d15e-739c-eec0-402b-9ddcb60400e6&sb=rel&searchId=6198d15e-739c-eec0-402b-9ddcb60400e6&vc=Car,4 (Grün),Basaltschwarz-metallic,,
28,145.000 km,03/2010,254 kW (345 PS),Schaltgetriebe,2,Benzin,Unfallfrei,Sportwagen / Coupé,3.614 cm³,"10,4 l/100km (kombiniert)*15,6 l/100km (innerorts)*7,5 l/100km (außerorts)*",245 g/km (kombiniert)*,2/3,Klimaautomatik,Schwarz,Vollleder,61.489 €,BayernCar GmbH,https://suchen.mobile.de/fahrzeuge/details.html?id=377060313&dam=0&fr=2009%3A2011&isSearchRequest=true&ms=20100%3B17%3B%3B&pageNumber=2&pw=%3A295&ref=srp&refId=6198d15e-739c-eec0-402b-9ddcb60400e6&sb=rel&searchId=6198d15e-739c-eec0-402b-9ddcb60400e6&vc=Car,4 (Grün),A1 Schwarz,,Benzin Super
29,49.523 km,07/2011,254 kW (345 PS),Automatik,2,Benzin,Unfallfrei,Sportwagen / Coupé,3.614 cm³,"ca. 9,8 l/100km (kombiniert)ca. 14,7 l/100km (innerorts)ca. 7,0 l/100km (außerorts)",ca. 230 g/km (kombiniert),2/3,2-Zonen-Klimaautomatik,Schwarz Metallic,"Vollleder, Braun",59.990 €,Autocentrum24 GmbH -  Autocentrum24-Gruppe,https://suchen.mobile.de/fahrzeuge/details.html?id=375336949&dam=0&fr=2009%3A2011&isSearchRequest=true&ms=20100%3B17%3B%3B&pageNumber=2&pw=%3A295&ref=srp&refId=6198d15e-739c-eec0-402b-9ddcb60400e6&sb=rel&searchId=6198d15e-739c-eec0-402b-9ddcb60400e6&vc=Car,1 (Keine),schwarz,2010,
30,99.500 km,06/2009,254 kW (345 PS),Automatik,4,Benzin,Unfallfrei,Cabrio / Roadster,3.614 cm³,"ca. 9,9 l/100km (kombiniert)ca. 14,9 l/100km (innerorts)ca. 7,0 l/100km (außerorts)",ca. 233 g/km (kombiniert),2/3,Klimaautomatik,Schwarz,"Vollleder, Andere",69.900 €,Porsche Zentrum Essen Gottfried Schultz Sportwagen GmbH & Co. KG,https://suchen.mobile.de/fahrzeuge/details.html?id=375181871&dam=0&fr=2009%3A2011&isSearchRequest=true&ms=20100%3B17%3B%3B&pageNumber=2&pw=%3A295&ref=srp&refId=6198d15e-739c-eec0-402b-9ddcb60400e6&sb=rel&searchId=6198d15e-739c-eec0-402b-9ddcb60400e6&vc=Car,4 (Grün),schwarz,2009,
31,183.000 km,05/2011,254 kW (345 PS),Automatik,,Benzin,,Sportwagen / Coupé,3.614 cm³,"ca. 10,3 l/100km (kombiniert)ca. 15,5 l/100km (innerorts)ca. 7,4 l/100km (außerorts)",ca. 242 g/km (kombiniert),2/3,Klimaautomatik,Schwarz,"Vollleder, Schwarz",49.997 €,Autohaus Bad Oldesloe,https://suchen.mobile.de/fahrzeuge/details.html?id=369472350&dam=0&fr=2009%3A2011&isSearchRequest=true&ms=20100%3B17%3B%3B&pageNumber=2&pw=%3A295&ref=srp&refId=6198d15e-739c-eec0-402b-9ddcb60400e6&sb=rel&searchId=6198d15e-739c-eec0-402b-9ddcb60400e6&vc=Car,4 (Grün),Schwarz,,
32,87.372 km,04/2009,283 kW (385 PS),Automatik,3,Benzin,Unfallfrei,Sportwagen / Coupé,3.800 cm³,"ca. 10,2 l/100km (kombiniert)ca. 15,3 l/100km (innerorts)ca. 7,3 l/100km (außerorts)",ca. 240 g/km (kombiniert),2/3,Klimaautomatik,Blau Metallic,"Vollleder, Beige",64.990 €,WIVEDA Autovermittlung,https://suchen.mobile.de/fahrzeuge/details.html?id=379730617&dam=0&fr=2009%3A2011&isSearchRequest=true&ms=20100%3B17%3B%3B&pageNumber=2&pw=%3A295&ref=srp&refId=6198d15e-739c-eec0-402b-9ddcb60400e6&sb=rel&searchId=6198d15e-739c-eec0-402b-9ddcb60400e6&vc=Car,4 (Grün),Nachtblau-Metallic,,
33,80.000 km,09/2010,283 kW (385 PS),Schaltgetriebe,2,Benzin,,Cabrio / Roadster,3.800 cm³,"ca. 10,8 l/100km (kombiniert)ca. 16,2 l/100km (innerorts)ca. 7,8 l/100km (außerorts)",ca. 256 g/km (kombiniert),2/3,Klimaautomatik,Schwarz,"Vollleder, Schwarz",72.900 €,Porsche Zentrum Düsseldorf Gottfried Schultz Sportwagen Düsseldorf GmbH & Co. KG,https://suchen.mobile.de/fahrzeuge/details.html?id=371800995&action=eyeCatcher&dam=0&fr=2009%3A2011&isSearchRequest=true&ms=20100%3B17%3B%3B&pageNumber=2&pw=%3A295&ref=srp&refId=6198d15e-739c-eec0-402b-9ddcb60400e6&sb=rel&searchId=6198d15e-739c-eec0-402b-9ddcb60400e6&vc=Car,4 (Grün),schwarz,2010,
34,89.900 km,06/2011,254 kW (345 PS),Automatik,,Benzin,Unfallfrei,Cabrio / Roadster,3.614 cm³,"ca. 10,4 l/100km (kombiniert)ca. 15,6 l/100km (innerorts)ca. 7,5 l/100km (außerorts)",ca. 245 g/km (kombiniert),2/3,Klimaautomatik,Weiß,"Vollleder, Schwarz",68.800 €,Amrein Automobile GmbH & Co KG,https://suchen.mobile.de/fahrzeuge/details.html?id=363451082&dam=0&fr=2009%3A2011&isSearchRequest=true&ms=20100%3B17%3B%3B&pageNumber=2&pw=%3A295&ref=srp&refId=6198d15e-739c-eec0-402b-9ddcb60400e6&sb=rel&searchId=6198d15e-739c-eec0-402b-9ddcb60400e6&vc=Car,4 (Grün),Carraraweiss,,
35,96.988 km,04/2009,261 kW (355 PS),Schaltgetriebe,3,Benzin,Unfallfrei,Cabrio / Roadster,3.824 cm³,"ca. 11,2 l/100km (kombiniert)ca. 18,6 l/100km (innerorts)ca. 8,0 l/100km (außerorts)",ca. 265 g/km (kombiniert),2/3,Klimaautomatik,Weiß,"Vollleder, Braun",64.950 €,M. Leuwen Automobile,https://suchen.mobile.de/fahrzeuge/details.html?id=365039470&dam=0&fr=2009%3A2011&isSearchRequest=true&ms=20100%3B17%3B%3B&pageNumber=2&pw=%3A295&ref=srp&refId=6198d15e-739c-eec0-402b-9ddcb60400e6&sb=rel&searchId=6198d15e-739c-eec0-402b-9ddcb60400e6&vc=Car,4 (Grün),Carraraweiß,,
36,149.000 km,11/2009,283 kW (385 PS),Automatik,2,Benzin,Unfallfrei,Cabrio / Roadster,3.800 cm³,"ca. 10,8 l/100km (kombiniert)ca. 16,2 l/100km (innerorts)ca. 7,7 l/100km (außerorts)",ca. 254 g/km (kombiniert),2/3,Klimaautomatik,Grau Metallic,"Vollleder, Schwarz",57.997 €,Autopark Osterholz-Scharmbeck GmbH,https://suchen.mobile.de/fahrzeuge/details.html?id=372218954&dam=0&fr=2009%3A2011&isSearchRequest=true&ms=20100%3B17%3B%3B&pageNumber=2&pw=%3A295&ref=srp&refId=6198d15e-739c-eec0-402b-9ddcb60400e6&sb=rel&searchId=6198d15e-739c-eec0-402b-9ddcb60400e6&vc=Car,4 (Grün),Meteorgrau,,
37,54.500 km,02/2009,283 kW (385 PS),Automatik,,Benzin,Unfallfrei,Cabrio / Roadster,3.800 cm³,"ca. 10,3 l/100km (kombiniert)ca. 15,5 l/100km (innerorts)ca. 7,3 l/100km (außerorts)",ca. 242 g/km (kombiniert),2/3,Klimaautomatik,Schwarz,"Vollleder, Schwarz",81.450 €,Automotive-Masters GmbH in der Motorworld Region Stuttgart,https://suchen.mobile.de/fahrzeuge/details.html?id=374049783&dam=0&fr=2009%3A2011&isSearchRequest=true&ms=20100%3B17%3B%3B&pageNumber=6&pw=%3A295&ref=srp&refId=572bdb20-3aef-d80f-9abc-1a836ba7cd70&sb=rel&searchId=572bdb20-3aef-d80f-9abc-1a836ba7cd70&vc=Car,4 (Grün),Schwarz,,
38,199.900 km,02/2009,254 kW (345 PS),Automatik,2,Benzin,,Sportwagen / Coupé,3.614 cm³,"ca. 10,3 l/100km (kombiniert)ca. 15,5 l/100km (innerorts)ca. 7,4 l/100km (außerorts)",ca. 242 g/km (kombiniert),2/3,Klimaautomatik,Braun Metallic,"Vollleder, Braun",53.850 €,Autohaus H.D.Design e.K.,https://suchen.mobile.de/fahrzeuge/details.html?id=379538496&dam=0&fr=2009%3A2011&isSearchRequest=true&ms=20100%3B17%3B%3B&pageNumber=6&pw=%3A295&ref=srp&refId=572bdb20-3aef-d80f-9abc-1a836ba7cd70&sb=rel&searchId=572bdb20-3aef-d80f-9abc-1a836ba7cd70&vc=Car,4 (Grün),Macadamiabraun,,
39,44.700 km,02/2009,261 kW (355 PS),Schaltgetriebe,1,Benzin,Unfallfrei,Cabrio / Roadster,3.800 cm³,"ca. 11,2 l/100km (kombiniert)ca. 18,6 l/100km (innerorts)ca. 8,0 l/100km (außerorts)",ca. 265 g/km (kombiniert),2/3,Klimaautomatik,Blau Metallic,"Vollleder, Grau",76.850 €,Wiese Automobile,https://suchen.mobile.de/fahrzeuge/details.html?id=371376194&dam=0&fr=2009%3A2011&isSearchRequest=true&ms=20100%3B17%3B%3B&pageNumber=6&pw=%3A295&ref=srp&refId=572bdb20-3aef-d80f-9abc-1a836ba7cd70&sb=rel&searchId=572bdb20-3aef-d80f-9abc-1a836ba7cd70&vc=Car,4 (Grün),Nachtblau-Metallic,,
40,133.127 km,01/2009,283 kW (385 PS),Automatik,1,Benzin,Unfallfrei,Cabrio / Roadster,3.800 cm³,"ca. 10,7 l/100km (kombiniert)ca. 16,1 l/100km (innerorts)ca. 7,7 l/100km (außerorts)",ca. 251 g/km (kombiniert),2/3,Klimaautomatik,Schwarz,"Vollleder, Schwarz",56.900 €,Sportwagen Schneider,https://suchen.mobile.de/fahrzeuge/details.html?id=378639431&dam=0&fr=2009%3A2011&isSearchRequest=true&ms=20100%3B17%3B%3B&pageNumber=6&pw=%3A295&ref=srp&refId=572bdb20-3aef-d80f-9abc-1a836ba7cd70&sb=rel&searchId=572bdb20-3aef-d80f-9abc-1a836ba7cd70&vc=Car,4 (Grün),Schwarz,,
41,89.341 km,04/2011,283 kW (385 PS),Automatik,2,Benzin,Unfallfrei,Cabrio / Roadster,3.800 cm³,"ca. 10,8 l/100km (kombiniert)ca. 16,2 l/100km (innerorts)ca. 7,7 l/100km (außerorts)",ca. 254 g/km (kombiniert),2/3,Klimaautomatik,Rot,"Vollleder, Schwarz",64.900 €,H. & S. Consult GmbH & Co. KG,https://suchen.mobile.de/fahrzeuge/details.html?id=374717160&dam=0&fr=2009%3A2011&isSearchRequest=true&ms=20100%3B17%3B%3B&pageNumber=6&pw=%3A295&ref=srp&refId=572bdb20-3aef-d80f-9abc-1a836ba7cd70&sb=rel&searchId=572bdb20-3aef-d80f-9abc-1a836ba7cd70&vc=Car,4 (Grün),Indischrot,,Benzin
42,35.000 km,06/2011,254 kW (345 PS),Automatik,2,Benzin,,Sportwagen / Coupé,3.614 cm³,"ca. 9,8 l/100km (kombiniert)ca. 14,7 l/100km (innerorts)ca. 7,0 l/100km (außerorts)",ca. 230 g/km (kombiniert),2/3,Klimaautomatik,Schwarz,"Vollleder, Schwarz",84.900 €,Porsche Zentrum Hagen,https://suchen.mobile.de/fahrzeuge/details.html?id=374080247&dam=0&fr=2009%3A2011&isSearchRequest=true&ms=20100%3B17%3B%3B&pageNumber=6&pw=%3A295&ref=srp&refId=572bdb20-3aef-d80f-9abc-1a836ba7cd70&sb=rel&searchId=572bdb20-3aef-d80f-9abc-1a836ba7cd70&vc=Car,4 (Grün),schwarz,,
43,44.500 km,06/2010,283 kW (385 PS),Automatik,,Benzin,Unfallfrei,Cabrio / Roadster,3.800 cm³,"ca. 10,7 l/100km (kombiniert)ca. 16,1 l/100km (innerorts)ca. 7,7 l/100km (außerorts)",ca. 251 g/km (kombiniert),2/3,Klimaautomatik,,"Vollleder, Beige",96.997 €,Garage 11 AB,https://suchen.mobile.de/fahrzeuge/details.html?id=367578994&dam=0&fr=2009%3A2011&isSearchRequest=true&ms=20100%3B17%3B%3B&pageNumber=6&pw=%3A295&ref=srp&refId=572bdb20-3aef-d80f-9abc-1a836ba7cd70&sb=rel&searchId=572bdb20-3aef-d80f-9abc-1a836ba7cd70&vc=Car,,Macadamiametallic,,
44,32.400 km,11/2011,254 kW (345 PS),Schaltgetriebe,2,Benzin,Unfallfrei,Sportwagen / Coupé,3.614 cm³,"ca. 10,4 l/100km (kombiniert)ca. 15,6 l/100km (innerorts)ca. 7,5 l/100km (außerorts)",ca. 245 g/km (kombiniert),2/3,Klimaautomatik,Braun Metallic,"Vollleder, Andere",82.500 €,Peter Oettinger Hamburg GmbH,https://suchen.mobile.de/fahrzeuge/details.html?id=375739125&dam=0&fr=2009%3A2011&isSearchRequest=true&ms=20100%3B17%3B%3B&pageNumber=6&pw=%3A295&ref=srp&refId=572bdb20-3aef-d80f-9abc-1a836ba7cd70&sb=rel&searchId=572bdb20-3aef-d80f-9abc-1a836ba7cd70&vc=Car,4 (Grün),Macadamia,,Benzin Super Plus
45,261.000 km,03/2011,283 kW (385 PS),Automatik,,Benzin,,Cabrio / Roadster,3.800 cm³,"ca. 10,3 l/100km (kombiniert)ca. 15,5 l/100km (innerorts)ca. 7,3 l/100km (außerorts)",ca. 242 g/km (kombiniert),2/3,Klimaautomatik,Blau Metallic,"Vollleder, Beige",44.890 €,Erlensee Automobile,https://suchen.mobile.de/fahrzeuge/details.html?id=378037487&dam=0&fr=2009%3A2011&isSearchRequest=true&ms=20100%3B17%3B%3B&pageNumber=6&pw=%3A295&ref=srp&refId=572bdb20-3aef-d80f-9abc-1a836ba7cd70&sb=rel&searchId=572bdb20-3aef-d80f-9abc-1a836ba7cd70&vc=Car,4 (Grün),Dunkelblaumetallic,,
46,32.000 km,04/2011,283 kW (385 PS),Schaltgetriebe,3,Benzin,Unfallfrei,Sportwagen / Coupé,3.800 cm³,"ca. 11,0 l/100km (kombiniert)ca. 16,5 l/100km (innerorts)ca. 7,9 l/100km (außerorts)",ca. 259 g/km (kombiniert),2/3,Klimaautomatik,Rot,"Vollleder, Schwarz",89.900 €,German-Car.Net,https://suchen.mobile.de/fahrzeuge/details.html?id=360122165&dam=0&fr=2009%3A2011&isSearchRequest=true&ms=20100%3B17%3B%3B&pageNumber=6&pw=%3A295&ref=srp&refId=572bdb20-3aef-d80f-9abc-1a836ba7cd70&sb=rel&searchId=572bdb20-3aef-d80f-9abc-1a836ba7cd70&vc=Car,4 (Grün),rot,,
47,36.920 km,11/2009,283 kW (385 PS),Automatik,,Benzin,Unfallfrei,Sportwagen / Coupé,3.800 cm³,"ca. 10,7 l/100km (kombiniert)ca. 15,8 l/100km (innerorts)ca. 7,7 l/100km (außerorts)",ca. 251 g/km (kombiniert),2/3,Klimaautomatik,Schwarz,"Vollleder, Schwarz",84.997 €,Garage 11 AB,https://suchen.mobile.de/fahrzeuge/details.html?id=363737889&dam=0&fr=2009%3A2011&isSearchRequest=true&ms=20100%3B17%3B%3B&pageNumber=6&pw=%3A295&ref=srp&refId=572bdb20-3aef-d80f-9abc-1a836ba7cd70&sb=rel&searchId=572bdb20-3aef-d80f-9abc-1a836ba7cd70&vc=Car,,Schwarz,,
48,115.209 km,01/2010,254 kW (345 PS),Schaltgetriebe,2,Benzin,Unfallfrei,Cabrio / Roadster,3.614 cm³,"ca. 10,4 l/100km (kombiniert)ca. 15,6 l/100km (innerorts)ca. 7,5 l/100km (außerorts)",ca. 245 g/km (kombiniert),2/3,Klimaautomatik,Schwarz,"Vollleder, Schwarz",66.997 €,Automobile Leonhardt,https://suchen.mobile.de/fahrzeuge/details.html?id=379982344&dam=0&fr=2009%3A2011&isSearchRequest=true&ms=20100%3B17%3B%3B&pageNumber=6&pw=%3A295&ref=srp&refId=572bdb20-3aef-d80f-9abc-1a836ba7cd70&sb=rel&searchId=572bdb20-3aef-d80f-9abc-1a836ba7cd70&vc=Car,4 (Grün),Schwarz,,
49,84.600 km,06/2009,283 kW (385 PS),Schaltgetriebe,,Benzin,Unfallfrei,Sportwagen / Coupé,3.800 cm³,"ca. 10,6 l/100km (kombiniert)ca. 15,9 l/100km (innerorts)ca. 7,6 l/100km (außerorts)",ca. 250 g/km (kombiniert),2/3,Klimaautomatik,Schwarz,"Vollleder, Schwarz",67.450 €,Auto  Frank,https://suchen.mobile.de/fahrzeuge/details.html?id=380025368&dam=0&fr=2009%3A2011&isSearchRequest=true&ms=20100%3B17%3B%3B&pageNumber=6&pw=%3A295&ref=srp&refId=572bdb20-3aef-d80f-9abc-1a836ba7cd70&sb=rel&searchId=572bdb20-3aef-d80f-9abc-1a836ba7cd70&vc=Car,4 (Grün),,,
50,77.000 km,07/2009,283 kW (385 PS),Schaltgetriebe,3,Benzin,,Cabrio / Roadster,3.800 cm³,,,2/3,Klimaautomatik,Schwarz,"Vollleder, Schwarz",66.900 €,Lundtauto Classic GmbH,https://suchen.mobile.de/fahrzeuge/details.html?id=365122223&dam=0&fr=2009%3A2011&isSearchRequest=true&ms=20100%3B17%3B%3B&pageNumber=6&pw=%3A295&ref=srp&refId=572bdb20-3aef-d80f-9abc-1a836ba7cd70&sb=rel&searchId=572bdb20-3aef-d80f-9abc-1a836ba7cd70&vc=Car,4 (Grün),,,
51,79.100 km,04/2010,254 kW (345 PS),Schaltgetriebe,3,Benzin,Unfallfrei,Sportwagen / Coupé,3.614 cm³,"ca. 10,3 l/100km (kombiniert)ca. 15,5 l/100km (innerorts)ca. 7,4 l/100km (außerorts)",ca. 242 g/km (kombiniert),2/3,Klimaautomatik,Grau Metallic,"Vollleder, Schwarz",69.900 €,HOUSE OF CARS SA,https://suchen.mobile.de/fahrzeuge/details.html?id=378620368&dam=0&fr=2009%3A2011&isSearchRequest=true&ms=20100%3B17%3B%3B&pageNumber=6&pw=%3A295&ref=srp&refId=572bdb20-3aef-d80f-9abc-1a836ba7cd70&sb=rel&searchId=572bdb20-3aef-d80f-9abc-1a836ba7cd70&vc=Car,,Meteor Grey Metallic ( M7W ),,
52,22.700 km,07/2009,254 kW (345 PS),Schaltgetriebe,,Benzin,Unfallfrei,Sportwagen / Coupé,3.614 cm³,"ca. 10,4 l/100km (kombiniert)ca. 15,6 l/100km (innerorts)ca. 7,5 l/100km (außerorts)",ca. 245 g/km (kombiniert),2/3,Klimaautomatik,Weiß,"Vollleder, Schwarz",75.800 €,Peter Oettinger Hamburg GmbH,https://suchen.mobile.de/fahrzeuge/details.html?id=366524643&dam=0&fr=2009%3A2011&isSearchRequest=true&ms=20100%3B17%3B%3B&pageNumber=6&pw=%3A295&ref=srp&refId=572bdb20-3aef-d80f-9abc-1a836ba7cd70&sb=rel&searchId=572bdb20-3aef-d80f-9abc-1a836ba7cd70&vc=Car,4 (Grün),Carraraweiß,,Benzin Super Plus
53,67.535 km,03/2011,283 kW (385 PS),Automatik,3,Benzin,Unfallfrei,Sportwagen / Coupé,3.800 cm³,"ca. 10,6 l/100km (kombiniert)ca. 15,9 l/100km (innerorts)ca. 7,6 l/100km (außerorts)",ca. 250 g/km (kombiniert),2/3,Klimaautomatik,,"Vollleder, Schwarz",69.900 €,Klassische Automobile und mehr,https://suchen.mobile.de/fahrzeuge/details.html?id=360182918&dam=0&fr=2009%3A2011&isSearchRequest=true&ms=20100%3B17%3B%3B&pageNumber=6&pw=%3A295&ref=srp&refId=572bdb20-3aef-d80f-9abc-1a836ba7cd70&sb=rel&searchId=572bdb20-3aef-d80f-9abc-1a836ba7cd70&vc=Car,,Basaltschwarz,,Benzin
54,74.000 km,01/2009,283 kW (385 PS),Schaltgetriebe,2,Benzin,Unfallfrei,Sportwagen / Coupé,3.800 cm³,"ca. 10,6 l/100km (kombiniert)ca. 15,9 l/100km (innerorts)ca. 7,6 l/100km (außerorts)",ca. 251 g/km (kombiniert),2/3,Klimaautomatik,Grau Metallic,"Vollleder, Andere",66.500 €,Holger Herfert KFZ Technik & Service,https://suchen.mobile.de/fahrzeuge/details.html?id=378211009&dam=0&fr=2009%3A2011&isSearchRequest=true&ms=20100%3B17%3B%3B&pageNumber=6&pw=%3A295&ref=srp&refId=572bdb20-3aef-d80f-9abc-1a836ba7cd70&sb=rel&searchId=572bdb20-3aef-d80f-9abc-1a836ba7cd70&vc=Car,4 (Grün),Atlasgrau metallic,,
55,9.000 km,03/2011,254 kW (345 PS),Automatik,,Benzin,Unfallfrei,Cabrio / Roadster,3.614 cm³,,,2/3,Klimaautomatik,Weiß,"Vollleder, Braun",82.990 €,GT Performance Cars AB,https://suchen.mobile.de/fahrzeuge/details.html?id=376333368&dam=0&fr=2009%3A2011&isSearchRequest=true&ms=20100%3B17%3B%3B&pageNumber=6&pw=%3A295&ref=srp&refId=572bdb20-3aef-d80f-9abc-1a836ba7cd70&sb=rel&searchId=572bdb20-3aef-d80f-9abc-1a836ba7cd70&vc=Car,,Carrara White,,
56,103.000 km,07/2011,254 kW (345 PS),Automatik,,Benzin,Reparierter Unfallschaden,Sportwagen / Coupé,3.614 cm³,"ca. 9,8 l/100km (kombiniert)ca. 14,7 l/100km (innerorts)ca. 7,0 l/100km (außerorts)",ca. 230 g/km (kombiniert),2/3,Klimaautomatik,Rot Metallic,"Teilleder, Beige",44.990 €,DV Handel,https://suchen.mobile.de/fahrzeuge/details.html?id=351419467&action=topOfPage&dam=0&fr=2009%3A2011&isSearchRequest=true&ms=20100%3B17%3B%3B&pageNumber=1&pw=%3A295&ref=srp&refId=967bcd39-8c23-1ad8-77f0-fe48611cccda&sb=rel&searchId=967bcd39-8c23-1ad8-77f0-fe48611cccda&vc=Car,4 (Grün),Indischrot,,
57,124.000 km,10/2010,254 kW (345 PS),Automatik,,Benzin,Unfallfrei,Sportwagen / Coupé,3.614 cm³,"ca. 10,3 l/100km (kombiniert)ca. 15,5 l/100km (innerorts)ca. 7,4 l/100km (außerorts)",ca. 242 g/km (kombiniert),2/3,Klimaautomatik,Schwarz Metallic,"Vollleder, Schwarz",52.000 €,LT AUTOMOVILES DAKAR SL,https://suchen.mobile.de/fahrzeuge/details.html?id=379689472&action=eyeCatcher&dam=0&fr=2009%3A2011&isSearchRequest=true&ms=20100%3B17%3B%3B&pageNumber=1&pw=%3A295&ref=srp&refId=967bcd39-8c23-1ad8-77f0-fe48611cccda&sb=rel&searchId=967bcd39-8c23-1ad8-77f0-fe48611cccda&vc=Car,,,,Benzin
58,97.800 km,08/2009,283 kW (385 PS),Automatik,,Benzin,Unfallfrei,Cabrio / Roadster,3.800 cm³,"ca. 10,8 l/100km (kombiniert)ca. 16,2 l/100km (innerorts)ca. 7,7 l/100km (außerorts)",ca. 254 g/km (kombiniert),2/3,Klimaautomatik,Grau Metallic,"Vollleder, Braun",50.000 €,M.Khauer KFZ,https://suchen.mobile.de/fahrzeuge/details.html?id=378130426&dam=0&fr=2009%3A2011&isSearchRequest=true&ms=20100%3B17%3B%3B&pageNumber=1&pw=%3A295&ref=srp&refId=967bcd39-8c23-1ad8-77f0-fe48611cccda&sb=rel&searchId=967bcd39-8c23-1ad8-77f0-fe48611cccda&vc=Car,,,,Benzin
59,169.500 km,07/2009,283 kW (385 PS),Automatik,,Benzin,,Cabrio / Roadster,3.800 cm³,"ca. 11,2 l/100km (kombiniert)ca. 16,8 l/100km (innerorts)ca. 8,0 l/100km (außerorts)",ca. 263 g/km (kombiniert),2/3,Klimaautomatik,Weiß,"Vollleder, Braun",59.900 €,Privatanbieter,https://suchen.mobile.de/fahrzeuge/details.html?id=379208851&action=topInCategory&dam=0&fr=2009%3A2011&isSearchRequest=true&ms=20100%3B17%3B%3B&pageNumber=1&pw=%3A295&ref=srp&refId=967bcd39-8c23-1ad8-77f0-fe48611cccda&sb=rel&searchId=967bcd39-8c23-1ad8-77f0-fe48611cccda&vc=Car,,,,
60,60.600 km,07/2011,254 kW (345 PS),Schaltgetriebe,,Benzin,Unfallfrei,Cabrio / Roadster,3.614 cm³,"ca. 10,4 l/100km (kombiniert)ca. 15,6 l/100km (innerorts)ca. 7,5 l/100km (außerorts)",ca. 245 g/km (kombiniert),2/3,Klimaautomatik,Schwarz,"Vollleder, Schwarz",68.899 €,Autohaus Deniz GmbH,https://suchen.mobile.de/fahrzeuge/details.html?id=378298675&action=topInCategory&dam=0&fr=2009%3A2011&isSearchRequest=true&ms=20100%3B17%3B%3B&pageNumber=1&pw=%3A295&ref=srp&refId=967bcd39-8c23-1ad8-77f0-fe48611cccda&sb=rel&searchId=967bcd39-8c23-1ad8-77f0-fe48611cccda&vc=Car,,Schwarz,,
61,132.217 km,01/2009,254 kW (345 PS),Automatik,5,Benzin,Unfallfrei,Sportwagen / Coupé,3.614 cm³,"ca. 10,3 l/100km (kombiniert)ca. 15,5 l/100km (innerorts)ca. 7,4 l/100km (außerorts)",ca. 242 g/km (kombiniert),2/3,Klimaautomatik,Schwarz,"Vollleder, Schwarz",46.900 €,Gewerbe,https://suchen.mobile.de/fahrzeuge/details.html?id=376773980&action=eyeCatcher&dam=0&fr=2009%3A2011&isSearchRequest=true&ms=20100%3B17%3B%3B&pageNumber=1&pw=%3A295&ref=srp&refId=967bcd39-8c23-1ad8-77f0-fe48611cccda&sb=rel&searchId=967bcd39-8c23-1ad8-77f0-fe48611cccda&vc=Car,4 (Grün),,,
62,107.300 km,10/2009,254 kW (345 PS),Automatik,,Benzin,,Cabrio / Roadster,3.614 cm³,"ca. 9,9 l/100km (kombiniert)ca. 14,9 l/100km (innerorts)ca. 7,1 l/100km (außerorts)",ca. 233 g/km (kombiniert),2/3,Klimaautomatik,Silber Metallic,"Vollleder, Braun",51.911 €,RS Automobile,https://suchen.mobile.de/fahrzeuge/details.html?id=372328119&dam=0&fr=2009%3A2011&isSearchRequest=true&ms=20100%3B17%3B%3B&pageNumber=1&pw=%3A295&ref=srp&refId=967bcd39-8c23-1ad8-77f0-fe48611cccda&sb=rel&searchId=967bcd39-8c23-1ad8-77f0-fe48611cccda&vc=Car,4 (Grün),GT-Silber metallic,,
63,135.000 km,06/2009,239 kW (325 PS),Schaltgetriebe,4,Benzin,Unfallfrei,Sportwagen / Coupé,3.596 cm³,"ca. 11,3 l/100km (kombiniert)ca. 16,6 l/100km (innerorts)ca. 8,4 l/100km (außerorts)",ca. 272 g/km (kombiniert),2/3,Klimaautomatik,Grau Metallic,"Vollleder, Schwarz",48.900 €,Privatanbieter,https://suchen.mobile.de/fahrzeuge/details.html?id=374135893&action=eyeCatcher&dam=0&fr=2009%3A2011&isSearchRequest=true&ms=20100%3B17%3B%3B&pageNumber=1&pw=%3A295&ref=srp&refId=967bcd39-8c23-1ad8-77f0-fe48611cccda&sb=rel&searchId=967bcd39-8c23-1ad8-77f0-fe48611cccda&vc=Car,4 (Grün),,,
64,96.000 km,01/2011,283 kW (385 PS),Automatik,,Benzin,Reparierter Unfallschaden,Kleinwagen,3.800 cm³,"ca. 10,2 l/100km (kombiniert)ca. 15,3 l/100km (innerorts)ca. 7,3 l/100km (außerorts)",ca. 240 g/km (kombiniert),2/3,Klimaautomatik,Blau Metallic,"Vollleder, Braun",54.900 €,MD Automobile,https://suchen.mobile.de/fahrzeuge/details.html?id=375258039&dam=0&fr=2009%3A2011&isSearchRequest=true&ms=20100%3B17%3B%3B&pageNumber=1&pw=%3A295&ref=srp&refId=967bcd39-8c23-1ad8-77f0-fe48611cccda&sb=rel&searchId=967bcd39-8c23-1ad8-77f0-fe48611cccda&vc=Car,4 (Grün),Dunkelblaumetallic,,
65,110.000 km,05/2010,254 kW (345 PS),Schaltgetriebe,,Benzin,Unfallfrei,Sportwagen / Coupé,3.614 cm³,"ca. 10,4 l/100km (kombiniert)ca. 15,6 l/100km (innerorts)ca. 7,5 l/100km (außerorts)",ca. 245 g/km (kombiniert),2/3,Klimaautomatik,Schwarz Metallic,"Teilleder, Schwarz",56.800 €,H.Waltner GmbH,https://suchen.mobile.de/fahrzeuge/details.html?id=379588334&dam=0&fr=2009%3A2011&isSearchRequest=true&ms=20100%3B17%3B%3B&pageNumber=1&pw=%3A295&ref=srp&refId=967bcd39-8c23-1ad8-77f0-fe48611cccda&sb=rel&searchId=967bcd39-8c23-1ad8-77f0-fe48611cccda&vc=Car,4 (Grün),Basaltschwarz-metallic,,
66,135.693 km,05/2010,254 kW (345 PS),Schaltgetriebe,,Benzin,,Cabrio / Roadster,3.614 cm³,"10,4 l/100km (kombiniert)*15,6 l/100km (innerorts)*7,5 l/100km (außerorts)*",245 g/km (kombiniert)*,2/3,Klimaautomatik,Schwarz,"Vollleder, Schwarz",56.990 €,Autohaus Intermobil GmbH,https://suchen.mobile.de/fahrzeuge/details.html?id=374029707&dam=0&fr=2009%3A2011&isSearchRequest=true&ms=20100%3B17%3B%3B&pageNumber=1&pw=%3A295&ref=srp&refId=967bcd39-8c23-1ad8-77f0-fe48611cccda&sb=rel&searchId=967bcd39-8c23-1ad8-77f0-fe48611cccda&vc=Car,4 (Grün),Schwarz,,Benzin Super
67,61.990 km,04/2009,254 kW (345 PS),Automatik,7,Benzin,,Cabrio / Roadster,3.614 cm³,"ca. 9,9 l/100km (kombiniert)ca. 14,9 l/100km (innerorts)ca. 7,1 l/100km (außerorts)",ca. 233 g/km (kombiniert),2/3,Klimaanlage,Schwarz,"Vollleder, Schwarz",53.850 €,Autohaus Link GmbH,https://suchen.mobile.de/fahrzeuge/details.html?id=376867562&dam=0&fr=2009%3A2011&isSearchRequest=true&ms=20100%3B17%3B%3B&pageNumber=1&pw=%3A295&ref=srp&refId=967bcd39-8c23-1ad8-77f0-fe48611cccda&sb=rel&searchId=967bcd39-8c23-1ad8-77f0-fe48611cccda&vc=Car,4 (Grün),schwarz,,
68,106.800 km,07/2011,254 kW (345 PS),Schaltgetriebe,3,Benzin,Unfallfrei,Sportwagen / Coupé,3.614 cm³,"ca. 10,4 l/100km (kombiniert)ca. 15,6 l/100km (innerorts)ca. 7,5 l/100km (außerorts)",ca. 245 g/km (kombiniert),2/3,Klimaautomatik,Weiß,"Vollleder, Schwarz",59.949 €,MG-Fahrzeuge GbR,https://suchen.mobile.de/fahrzeuge/details.html?id=352264165&dam=0&fr=2009%3A2011&isSearchRequest=true&ms=20100%3B17%3B%3B&pageNumber=1&pw=%3A295&ref=srp&refId=967bcd39-8c23-1ad8-77f0-fe48611cccda&sb=rel&searchId=967bcd39-8c23-1ad8-77f0-fe48611cccda&vc=Car,4 (Grün),Carraraweiß,,
69,143.327 km,07/2009,254 kW (345 PS),Automatik,1,"Benzin, E10-geeignet",Unfallfrei,Sportwagen / Coupé,3.614 cm³,"ca. 9,9 l/100km (kombiniert)ca. 14,9 l/100km (innerorts)ca. 7,1 l/100km (außerorts)",ca. 233 g/km (kombiniert),2/3,Klimaautomatik,Schwarz Metallic,"Vollleder, Schwarz",52.900 €,B&K Sportwagen Rheinland GmbH,https://suchen.mobile.de/fahrzeuge/details.html?id=375183478&dam=0&fr=2009%3A2011&isSearchRequest=true&ms=20100%3B17%3B%3B&pageNumber=1&pw=%3A295&ref=srp&refId=967bcd39-8c23-1ad8-77f0-fe48611cccda&sb=rel&searchId=967bcd39-8c23-1ad8-77f0-fe48611cccda&vc=Car,4 (Grün),Basaltschwarz-metallic,,
70,97.900 km,12/2009,254 kW (345 PS),Automatik,2,Benzin,Unfallfrei,Sportwagen / Coupé,3.614 cm³,"ca. 9,8 l/100km (kombiniert)ca. 14,7 l/100km (innerorts)ca. 7,0 l/100km (außerorts)",ca. 230 g/km (kombiniert),2/3,Klimaautomatik,Schwarz Metallic,"Vollleder, Schwarz",59.790 €,AUTOHAUS  BÜCKEBURG,https://suchen.mobile.de/fahrzeuge/details.html?id=376013361&dam=0&fr=2009%3A2011&isSearchRequest=true&ms=20100%3B17%3B%3B&pageNumber=1&pw=%3A295&ref=srp&refId=967bcd39-8c23-1ad8-77f0-fe48611cccda&sb=rel&searchId=967bcd39-8c23-1ad8-77f0-fe48611cccda&vc=Car,4 (Grün),Basaltschwarz-metallic,2009,
71,116.000 km,10/2010,283 kW (385 PS),Schaltgetriebe,,Benzin,,Sportwagen / Coupé,3.800 cm³,"ca. 11,0 l/100km (kombiniert)ca. 16,5 l/100km (innerorts)ca. 7,7 l/100km (außerorts)",ca. 259 g/km (kombiniert),2/3,Klimaautomatik,Schwarz Metallic,"Vollleder, Schwarz",59.999 €,Autopark Biebesheim,https://suchen.mobile.de/fahrzeuge/details.html?id=379249936&dam=0&fr=2009%3A2011&isSearchRequest=true&ms=20100%3B17%3B%3B&pageNumber=1&pw=%3A295&ref=srp&refId=967bcd39-8c23-1ad8-77f0-fe48611cccda&sb=rel&searchId=967bcd39-8c23-1ad8-77f0-fe48611cccda&vc=Car,4 (Grün),Basaltschwarz metallic,,Benzin Normal
72,97.000 km,04/2009,254 kW (345 PS),Automatik,3,Benzin,Unfallfrei,Sportwagen / Coupé,3.614 cm³,"ca. 10,6 l/100km (kombiniert)ca. 15,9 l/100km (innerorts)ca. 7,7 l/100km (außerorts)",ca. 249 g/km (kombiniert),2/3,Klimaautomatik,Braun Metallic,"Vollleder, Beige",58.997 €,Privatanbieter,https://suchen.mobile.de/fahrzeuge/details.html?id=375614866&action=eyeCatcher&dam=0&fr=2009%3A2011&isSearchRequest=true&ms=20100%3B17%3B%3B&pageNumber=1&pw=%3A295&ref=srp&refId=967bcd39-8c23-1ad8-77f0-fe48611cccda&sb=rel&searchId=967bcd39-8c23-1ad8-77f0-fe48611cccda&vc=Car,,,,
73,155.000 km,07/2009,283 kW (385 PS),Automatik,3,Benzin,Unfallfrei,Sportwagen / Coupé,3.800 cm³,"ca. 11,0 l/100km (kombiniert)ca. 16,5 l/100km (innerorts)ca. 7,9 l/100km (außerorts)",ca. 259 g/km (kombiniert),2/3,Klimaautomatik,Weiß,"Vollleder, Andere",37.950 €,Privatanbieter,https://suchen.mobile.de/fahrzeuge/details.html?id=374655342&dam=0&fr=2009%3A2011&isSearchRequest=true&ms=20100%3B17%3B%3B&pageNumber=1&pw=%3A295&ref=srp&refId=967bcd39-8c23-1ad8-77f0-fe48611cccda&sb=rel&searchId=967bcd39-8c23-1ad8-77f0-fe48611cccda&vc=Car,4 (Grün),,,
74,138.300 km,07/2010,254 kW (345 PS),Schaltgetriebe,3,Benzin,Unfallfrei,Sportwagen / Coupé,3.614 cm³,"ca. 10,3 l/100km (kombiniert)ca. 15,5 l/100km (innerorts)ca. 7,4 l/100km (außerorts)",ca. 242 g/km (kombiniert),2/3,Klimaautomatik,Schwarz,"Vollleder, Schwarz",56.700 €,Privatanbieter,https://suchen.mobile.de/fahrzeuge/details.html?id=374755638&action=eyeCatcher&dam=0&fr=2009%3A2011&isSearchRequest=true&ms=20100%3B17%3B%3B&pageNumber=1&pw=%3A295&ref=srp&refId=967bcd39-8c23-1ad8-77f0-fe48611cccda&sb=rel&searchId=967bcd39-8c23-1ad8-77f0-fe48611cccda&vc=Car,4 (Grün),,,
75,90.900 km,06/2011,254 kW (345 PS),Automatik,2,Benzin,Unfallfrei,Sportwagen / Coupé,3.614 cm³,"ca. 10,3 l/100km (kombiniert)ca. 15,5 l/100km (innerorts)ca. 7,4 l/100km (außerorts)",ca. 242 g/km (kombiniert),2/3,Klimaautomatik,Schwarz Metallic,"Vollleder, Schwarz",69.911 €,Privatanbieter,https://suchen.mobile.de/fahrzeuge/details.html?id=378879915&action=eyeCatcher&dam=0&fr=2009%3A2011&isSearchRequest=true&ms=20100%3B17%3B%3B&pageNumber=3&pw=%3A295&ref=srp&refId=cd7682aa-07c1-d4ba-5b1c-28258fd96c82&sb=rel&searchId=cd7682aa-07c1-d4ba-5b1c-28258fd96c82&vc=Car,4 (Grün),,,
76,146.924 km,08/2010,254 kW (345 PS),Automatik,,Benzin,Unfallfrei,Sportwagen / Coupé,3.614 cm³,"ca. 9,8 l/100km (kombiniert)ca. 14,7 l/100km (innerorts)ca. 7,0 l/100km (außerorts)",ca. 230 g/km (kombiniert),2/3,2-Zonen-Klimaautomatik,Schwarz,"Vollleder, Schwarz",59.850 €,JB-Motors GmbH,https://suchen.mobile.de/fahrzeuge/details.html?id=354277266&dam=0&fr=2009%3A2011&isSearchRequest=true&ms=20100%3B17%3B%3B&pageNumber=3&pw=%3A295&ref=srp&refId=cd7682aa-07c1-d4ba-5b1c-28258fd96c82&sb=rel&searchId=cd7682aa-07c1-d4ba-5b1c-28258fd96c82&vc=Car,,Schwarz,,
77,84.000 km,03/2010,283 kW (385 PS),Automatik,3,Benzin,Unfallfrei,Sportwagen / Coupé,3.800 cm³,"ca. 10,6 l/100km (kombiniert)ca. 15,9 l/100km (innerorts)ca. 7,6 l/100km (außerorts)",ca. 250 g/km (kombiniert),2/3,Klimaautomatik,Weiß,"Vollleder, Schwarz",67.997 €,Privatanbieter,https://suchen.mobile.de/fahrzeuge/details.html?id=377827170&action=eyeCatcher&dam=0&fr=2009%3A2011&isSearchRequest=true&ms=20100%3B17%3B%3B&pageNumber=3&pw=%3A295&ref=srp&refId=cd7682aa-07c1-d4ba-5b1c-28258fd96c82&sb=rel&searchId=cd7682aa-07c1-d4ba-5b1c-28258fd96c82&vc=Car,4 (Grün),,,
78,77.059 km,08/2011,254 kW (345 PS),Automatik,2,Benzin,,Cabrio / Roadster,3.614 cm³,"ca. 9,9 l/100km (kombiniert)ca. 14,9 l/100km (innerorts)ca. 7,0 l/100km (außerorts)",ca. 233 g/km (kombiniert),2/3,Klimaautomatik,Weiß,"Vollleder, Schwarz",69.900 €,Porsche Zentrum Willich Tölke & Fischer Sportwagen GmbH & Co. KG,https://suchen.mobile.de/fahrzeuge/details.html?id=372824035&dam=0&fr=2009%3A2011&isSearchRequest=true&ms=20100%3B17%3B%3B&pageNumber=3&pw=%3A295&ref=srp&refId=cd7682aa-07c1-d4ba-5b1c-28258fd96c82&sb=rel&searchId=cd7682aa-07c1-d4ba-5b1c-28258fd96c82&vc=Car,4 (Grün),cremeweiß,,Benzin Super Plus
79,96.500 km,07/2010,283 kW (385 PS),Schaltgetriebe,,Benzin,Unfallfrei,Sportwagen / Coupé,3.800 cm³,"ca. 11,0 l/100km (kombiniert)ca. 16,5 l/100km (innerorts)ca. 7,9 l/100km (außerorts)",ca. 261 g/km (kombiniert),2/3,Klimaautomatik,Weiß,"Vollleder, Schwarz",69.997 €,Speedialists GmbH,https://suchen.mobile.de/fahrzeuge/details.html?id=379822842&dam=0&fr=2009%3A2011&isSearchRequest=true&ms=20100%3B17%3B%3B&pageNumber=3&pw=%3A295&ref=srp&refId=cd7682aa-07c1-d4ba-5b1c-28258fd96c82&sb=rel&searchId=cd7682aa-07c1-d4ba-5b1c-28258fd96c82&vc=Car,,Carraraweiß,,
80,181.000 km,11/2009,254 kW (345 PS),Automatik,3,Benzin,Unfallfrei,Sportwagen / Coupé,3.614 cm³,"ca. 9,8 l/100km (kombiniert)ca. 14,7 l/100km (innerorts)ca. 7,0 l/100km (außerorts)",ca. 230 g/km (kombiniert),2/3,Klimaautomatik,Schwarz Metallic,"Vollleder, Schwarz",49.980 €,"Kfz & Teile, An und Verkauf",https://suchen.mobile.de/fahrzeuge/details.html?id=374171956&dam=0&fr=2009%3A2011&isSearchRequest=true&ms=20100%3B17%3B%3B&pageNumber=3&pw=%3A295&ref=srp&refId=cd7682aa-07c1-d4ba-5b1c-28258fd96c82&sb=rel&searchId=cd7682aa-07c1-d4ba-5b1c-28258fd96c82&vc=Car,4 (Grün),Basaltschwarz-metallic,,
81,79.281 km,09/2011,254 kW (345 PS),Automatik,2,Benzin,Unfallfrei,Cabrio / Roadster,3.614 cm³,"ca. 9,9 l/100km (kombiniert)ca. 14,9 l/100km (innerorts)ca. 7,0 l/100km (außerorts)",ca. 233 g/km (kombiniert),2/3,Klimaautomatik,Weiß,"Vollleder, Andere",69.900 €,Porsche Zentrum Mannheim - Penske Sportwagenzentrum GmbH,https://suchen.mobile.de/fahrzeuge/details.html?id=378596410&dam=0&fr=2009%3A2011&isSearchRequest=true&ms=20100%3B17%3B%3B&pageNumber=3&pw=%3A295&ref=srp&refId=cd7682aa-07c1-d4ba-5b1c-28258fd96c82&sb=rel&searchId=cd7682aa-07c1-d4ba-5b1c-28258fd96c82&vc=Car,4 (Grün),carraraweiss,,
82,94.400 km,01/2011,283 kW (385 PS),Automatik,,Benzin,,Cabrio / Roadster,3.800 cm³,"ca. 10,3 l/100km (kombiniert)ca. 15,5 l/100km (innerorts)ca. 7,3 l/100km (außerorts)",ca. 242 g/km (kombiniert),2/3,Klimaautomatik,Schwarz,"Vollleder, Schwarz",71.990 €,Autohaus 300 GbR,https://suchen.mobile.de/fahrzeuge/details.html?id=368170951&dam=0&fr=2009%3A2011&isSearchRequest=true&ms=20100%3B17%3B%3B&pageNumber=3&pw=%3A295&ref=srp&refId=cd7682aa-07c1-d4ba-5b1c-28258fd96c82&sb=rel&searchId=cd7682aa-07c1-d4ba-5b1c-28258fd96c82&vc=Car,4 (Grün),Schwarz,,
83,63.458 km,04/2010,283 kW (385 PS),Automatik,3,Benzin,Unfallfrei,Cabrio / Roadster,3.800 cm³,"ca. 10,7 l/100km (kombiniert)ca. 16,1 l/100km (innerorts)ca. 7,7 l/100km (außerorts)",ca. 251 g/km (kombiniert),2/3,Klimaautomatik,Schwarz Metallic,"Vollleder, Braun",70.997 €,Sportwagenzentrum OWL GmbH,https://suchen.mobile.de/fahrzeuge/details.html?id=361674058&dam=0&fr=2009%3A2011&isSearchRequest=true&ms=20100%3B17%3B%3B&pageNumber=3&pw=%3A295&ref=srp&refId=cd7682aa-07c1-d4ba-5b1c-28258fd96c82&sb=rel&searchId=cd7682aa-07c1-d4ba-5b1c-28258fd96c82&vc=Car,4 (Grün),Basaltschwarz-metallic,,
84,99.550 km,02/2010,254 kW (345 PS),Automatik,2,Benzin,,Sportwagen / Coupé,3.614 cm³,"ca. 10,3 l/100km (kombiniert)ca. 15,5 l/100km (innerorts)ca. 7,4 l/100km (außerorts)",ca. 242 g/km (kombiniert),2/3,Klimaautomatik,Schwarz Metallic,"Vollleder, Schwarz",69.990 €,Autohaus Bad Oeynhausen,https://suchen.mobile.de/fahrzeuge/details.html?id=379531608&dam=0&fr=2009%3A2011&isSearchRequest=true&ms=20100%3B17%3B%3B&pageNumber=3&pw=%3A295&ref=srp&refId=cd7682aa-07c1-d4ba-5b1c-28258fd96c82&sb=rel&searchId=cd7682aa-07c1-d4ba-5b1c-28258fd96c82&vc=Car,4 (Grün),Basaltschwarz-metallic,,
85,79.000 km,09/2010,283 kW (385 PS),Automatik,,Benzin,Unfallfrei,Cabrio / Roadster,3.800 cm³,"ca. 10,8 l/100km (kombiniert)ca. 16,2 l/100km (innerorts)ca. 7,7 l/100km (außerorts)",ca. 254 g/km (kombiniert),2/3,Klimaanlage,Silber Metallic,"Vollleder, Schwarz",71.250 €,BEKA AUTO A/S,https://suchen.mobile.de/fahrzeuge/details.html?id=376518130&dam=0&fr=2009%3A2011&isSearchRequest=true&ms=20100%3B17%3B%3B&pageNumber=3&pw=%3A295&ref=srp&refId=cd7682aa-07c1-d4ba-5b1c-28258fd96c82&sb=rel&searchId=cd7682aa-07c1-d4ba-5b1c-28258fd96c82&vc=Car,,Silber,,
86,118.000 km,06/2009,283 kW (385 PS),Schaltgetriebe,,Benzin,Unfallfrei,Sportwagen / Coupé,3.800 cm³,"ca. 11,0 l/100km (kombiniert)ca. 16,5 l/100km (innerorts)ca. 7,7 l/100km (außerorts)",ca. 259 g/km (kombiniert),2/3,Klimaanlage,Schwarz Metallic,"Vollleder, Schwarz",67.125 €,BEKA AUTO A/S,https://suchen.mobile.de/fahrzeuge/details.html?id=376583313&dam=0&fr=2009%3A2011&isSearchRequest=true&ms=20100%3B17%3B%3B&pageNumber=3&pw=%3A295&ref=srp&refId=cd7682aa-07c1-d4ba-5b1c-28258fd96c82&sb=rel&searchId=cd7682aa-07c1-d4ba-5b1c-28258fd96c82&vc=Car,,,,
87,76.000 km,02/2009,283 kW (385 PS),Automatik,2,Benzin,Unfallfrei,Sportwagen / Coupé,3.800 cm³,"ca. 10,6 l/100km (kombiniert)ca. 15,9 l/100km (innerorts)ca. 7,6 l/100km (außerorts)",ca. 250 g/km (kombiniert),2/3,Klimaautomatik,Schwarz,"Vollleder, Schwarz",66.900 €,Privatanbieter,https://suchen.mobile.de/fahrzeuge/details.html?id=379799481&action=eyeCatcher&dam=0&fr=2009%3A2011&isSearchRequest=true&ms=20100%3B17%3B%3B&pageNumber=3&pw=%3A295&ref=srp&refId=cd7682aa-07c1-d4ba-5b1c-28258fd96c82&sb=rel&searchId=cd7682aa-07c1-d4ba-5b1c-28258fd96c82&vc=Car,4 (Grün),,,
88,79.913 km,01/2009,283 kW (385 PS),Schaltgetriebe,2,Benzin,Unfallfrei,Cabrio / Roadster,3.800 cm³,"ca. 10,8 l/100km (kombiniert)ca. 16,2 l/100km (innerorts)ca. 7,8 l/100km (außerorts)",ca. 256 g/km (kombiniert),2/3,Klimaautomatik,Schwarz,"Vollleder, Braun",72.900 €,SportiveCars Tiepelmann,https://suchen.mobile.de/fahrzeuge/details.html?id=375380966&dam=0&fr=2009%3A2011&isSearchRequest=true&ms=20100%3B17%3B%3B&pageNumber=3&pw=%3A295&ref=srp&refId=cd7682aa-07c1-d4ba-5b1c-28258fd96c82&sb=rel&searchId=cd7682aa-07c1-d4ba-5b1c-28258fd96c82&vc=Car,4 (Grün),Tief- Schwarz,,
89,169.000 km,06/2009,254 kW (345 PS),Automatik,3,Benzin,,Sportwagen / Coupé,3.614 cm³,"ca. 9,8 l/100km (kombiniert)ca. 14,7 l/100km (innerorts)ca. 7,0 l/100km (außerorts)",ca. 230 g/km (kombiniert),2/3,Klimaautomatik,Schwarz Metallic,"Vollleder, Schwarz",53.990 €,Autozentrum Zollernalb,https://suchen.mobile.de/fahrzeuge/details.html?id=377198790&dam=0&fr=2009%3A2011&isSearchRequest=true&ms=20100%3B17%3B%3B&pageNumber=3&pw=%3A295&ref=srp&refId=cd7682aa-07c1-d4ba-5b1c-28258fd96c82&sb=rel&searchId=cd7682aa-07c1-d4ba-5b1c-28258fd96c82&vc=Car,4 (Grün),Basaltschwarz-metallic,,
90,95.000 km,09/2009,283 kW (385 PS),Automatik,,Benzin,Unfallfrei,Cabrio / Roadster,3.800 cm³,"ca. 10,7 l/100km (kombiniert)ca. 16,1 l/100km (innerorts)ca. 7,7 l/100km (außerorts)",ca. 251 g/km (kombiniert),2/3,Klimaautomatik,Weiß,"Vollleder, Braun",69.997 €,AutodromO.de GmbH,https://suchen.mobile.de/fahrzeuge/details.html?id=365813126&dam=0&fr=2009%3A2011&isSearchRequest=true&ms=20100%3B17%3B%3B&pageNumber=3&pw=%3A295&ref=srp&refId=cd7682aa-07c1-d4ba-5b1c-28258fd96c82&sb=rel&searchId=cd7682aa-07c1-d4ba-5b1c-28258fd96c82&vc=Car,4 (Grün),Carraraweiß,,
91,56.000 km,08/2010,283 kW (385 PS),Automatik,3,Benzin,Unfallfrei,Cabrio / Roadster,3.800 cm³,"ca. 10,7 l/100km (kombiniert)ca. 15,8 l/100km (innerorts)ca. 7,7 l/100km (außerorts)",ca. 251 g/km (kombiniert),2/3,Klimaautomatik,Schwarz Metallic,"Vollleder, Schwarz",86.500 €,MP-Sportwagen,https://suchen.mobile.de/fahrzeuge/details.html?id=367346130&dam=0&fr=2009%3A2011&isSearchRequest=true&ms=20100%3B17%3B%3B&pageNumber=8&pw=%3A295&ref=srp&refId=d41b6fd2-583e-0282-a7e1-a80d699113d6&sb=rel&searchId=d41b6fd2-583e-0282-a7e1-a80d699113d6&vc=Car,4 (Grün),Basaltschwarz-metallic,,
92,48.700 km,04/2011,283 kW (385 PS),Automatik,,Benzin,Unfallfrei,Cabrio / Roadster,3.800 cm³,"ca. 10,7 l/100km (kombiniert)ca. 16,1 l/100km (innerorts)ca. 7,7 l/100km (außerorts)",ca. 251 g/km (kombiniert),2/3,Klimaautomatik,Silber Metallic,"Vollleder, Braun",84.500 €,Sportivo Baltico Automobil GmbH,https://suchen.mobile.de/fahrzeuge/details.html?id=378020927&dam=0&fr=2009%3A2011&isSearchRequest=true&ms=20100%3B17%3B%3B&pageNumber=8&pw=%3A295&ref=srp&refId=d41b6fd2-583e-0282-a7e1-a80d699113d6&sb=rel&searchId=d41b6fd2-583e-0282-a7e1-a80d699113d6&vc=Car,,GT-Silber metallic,,
93,44.135 km,07/2011,254 kW (345 PS),Schaltgetriebe,2,Benzin,Unfallfrei,Cabrio / Roadster,3.614 cm³,"ca. 10,4 l/100km (kombiniert)ca. 15,6 l/100km (innerorts)ca. 7,5 l/100km (außerorts)",ca. 245 g/km (kombiniert),2/3,Klimaautomatik,Weiß,"Vollleder, Andere",79.990 €,Autohaus Riedel GmbH,https://suchen.mobile.de/fahrzeuge/details.html?id=379717334&dam=0&fr=2009%3A2011&isSearchRequest=true&ms=20100%3B17%3B%3B&pageNumber=8&pw=%3A295&ref=srp&refId=d41b6fd2-583e-0282-a7e1-a80d699113d6&sb=rel&searchId=d41b6fd2-583e-0282-a7e1-a80d699113d6&vc=Car,4 (Grün),carraraweiss,,
94,43.850 km,07/2011,283 kW (385 PS),Automatik,,Benzin,,Cabrio / Roadster,,,,,Klimaanlage,,,94.999 €,Privatanbieter,https://suchen.mobile.de/fahrzeuge/details.html?id=380151194&dam=0&fr=2009%3A2011&isSearchRequest=true&ms=20100%3B17%3B%3B&pageNumber=8&pw=%3A295&ref=srp&refId=d41b6fd2-583e-0282-a7e1-a80d699113d6&sb=rel&searchId=d41b6fd2-583e-0282-a7e1-a80d699113d6&vc=Car,4 (Grün),BLACK,,
95,43.700 km,01/2010,283 kW (385 PS),Automatik,2,Benzin,Unfallfrei,Sportwagen / Coupé,3.800 cm³,"ca. 10,2 l/100km (kombiniert)ca. 15,3 l/100km (innerorts)ca. 7,3 l/100km (außerorts)",ca. 240 g/km (kombiniert),2/3,Klimaautomatik,Grau Metallic,"Vollleder, Schwarz",79.900 €,GELO GmbH,https://suchen.mobile.de/fahrzeuge/details.html?id=377455028&dam=0&fr=2009%3A2011&isSearchRequest=true&ms=20100%3B17%3B%3B&pageNumber=8&pw=%3A295&ref=srp&refId=d41b6fd2-583e-0282-a7e1-a80d699113d6&sb=rel&searchId=d41b6fd2-583e-0282-a7e1-a80d699113d6&vc=Car,4 (Grün),Grigio Telesto PTS Farbe n. Wahl,,
96,44.000 km,08/2009,283 kW (385 PS),Automatik,,Benzin,Unfallfrei,Cabrio / Roadster,3.800 cm³,"ca. 10,8 l/100km (kombiniert)ca. 16,2 l/100km (innerorts)ca. 7,6 l/100km (außerorts)",ca. 254 g/km (kombiniert),2/3,Klimaautomatik,Silber Metallic,"Vollleder, Schwarz",78.990 €,Autohaus Bartels GmbH,https://suchen.mobile.de/fahrzeuge/details.html?id=372512052&dam=0&fr=2009%3A2011&isSearchRequest=true&ms=20100%3B17%3B%3B&pageNumber=8&pw=%3A295&ref=srp&refId=d41b6fd2-583e-0282-a7e1-a80d699113d6&sb=rel&searchId=d41b6fd2-583e-0282-a7e1-a80d699113d6&vc=Car,4 (Grün),,,
97,210.000 km,05/2009,283 kW (385 PS),Automatik,,Benzin,,Sportwagen / Coupé,3.800 cm³,"ca. 10,7 l/100km (kombiniert)ca. 15,8 l/100km (innerorts)ca. 7,7 l/100km (außerorts)",ca. 251 g/km (kombiniert),2/3,Klimaautomatik,Schwarz Metallic,"Vollleder, Braun",51.997 €,Andersen Biler A/S,https://suchen.mobile.de/fahrzeuge/details.html?id=379231983&dam=0&fr=2009%3A2011&isSearchRequest=true&ms=20100%3B17%3B%3B&pageNumber=8&pw=%3A295&ref=srp&refId=d41b6fd2-583e-0282-a7e1-a80d699113d6&sb=rel&searchId=d41b6fd2-583e-0282-a7e1-a80d699113d6&vc=Car,,Basaltschwarz-metallic,,
98,50.000 km,02/2009,283 kW (385 PS),Automatik,2,Benzin,Unfallfrei,Cabrio / Roadster,3.800 cm³,"ca. 10,0 l/100km (kombiniert)ca. 12,2 l/100km (innerorts)ca. 8,0 l/100km (außerorts)",ca. 263 g/km (kombiniert),2/3,Klimaautomatik,Schwarz Metallic,"Vollleder, Braun",89.900 €,Autoservice Sifi,https://suchen.mobile.de/fahrzeuge/details.html?id=377950617&dam=0&fr=2009%3A2011&isSearchRequest=true&ms=20100%3B17%3B%3B&pageNumber=8&pw=%3A295&ref=srp&refId=d41b6fd2-583e-0282-a7e1-a80d699113d6&sb=rel&searchId=d41b6fd2-583e-0282-a7e1-a80d699113d6&vc=Car,4 (Grün),Basaltschwarz,,
99,35.000 km,02/2009,283 kW (385 PS),Automatik,1,Benzin,Unfallfrei,Cabrio / Roadster,3.800 cm³,"ca. 10,7 l/100km (kombiniert)ca. 16,1 l/100km (innerorts)ca. 7,7 l/100km (außerorts)",ca. 251 g/km (kombiniert),2/3,Klimaautomatik,Braun Metallic,"Vollleder, Schwarz",76.900 €,Berendsen Automobilhandelsgesellschaft mbH,https://suchen.mobile.de/fahrzeuge/details.html?id=380015188&dam=0&fr=2009%3A2011&isSearchRequest=true&ms=20100%3B17%3B%3B&pageNumber=8&pw=%3A295&ref=srp&refId=d41b6fd2-583e-0282-a7e1-a80d699113d6&sb=rel&searchId=d41b6fd2-583e-0282-a7e1-a80d699113d6&vc=Car,4 (Grün),Macadamiametallic,,
100,36.750 km,04/2010,283 kW (385 PS),Schaltgetriebe,2,Benzin,Unfallfrei,Sportwagen / Coupé,3.800 cm³,"ca. 10,6 l/100km (kombiniert)ca. 15,9 l/100km (innerorts)ca. 7,6 l/100km (außerorts)",ca. 250 g/km (kombiniert),2/3,Klimaautomatik,Grau Metallic,"Alcantara, Schwarz",92.900 €,Motorlegenden,https://suchen.mobile.de/fahrzeuge/details.html?id=377958311&dam=0&fr=2009%3A2011&isSearchRequest=true&ms=20100%3B17%3B%3B&pageNumber=8&pw=%3A295&ref=srp&refId=d41b6fd2-583e-0282-a7e1-a80d699113d6&sb=rel&searchId=d41b6fd2-583e-0282-a7e1-a80d699113d6&vc=Car,4 (Grün),Meteorgrau,,
101,18.500 km,02/2010,254 kW (345 PS),Schaltgetriebe,2,Benzin,Unfallfrei,Sportwagen / Coupé,3.614 cm³,"ca. 10,6 l/100km (kombiniert)ca. 15,9 l/100km (innerorts)ca. 7,7 l/100km (außerorts)",ca. 249 g/km (kombiniert),2/3,2-Zonen-Klimaautomatik,Schwarz,"Vollleder, Schwarz",79.900 €,F & M Automobile,https://suchen.mobile.de/fahrzeuge/details.html?id=367168251&dam=0&fr=2009%3A2011&isSearchRequest=true&ms=20100%3B17%3B%3B&pageNumber=8&pw=%3A295&ref=srp&refId=d41b6fd2-583e-0282-a7e1-a80d699113d6&sb=rel&searchId=d41b6fd2-583e-0282-a7e1-a80d699113d6&vc=Car,4 (Grün),Tiefschwarz,,
102,69.000 km,06/2009,283 kW (385 PS),Schaltgetriebe,2,Benzin,Unfallfrei,Sportwagen / Coupé,3.800 cm³,"ca. 10,6 l/100km (kombiniert)ca. 15,9 l/100km (innerorts)ca. 7,6 l/100km (außerorts)",ca. 251 g/km (kombiniert),2/3,Klimaautomatik,Schwarz Metallic,"Vollleder, Schwarz",74.900 €,Autogalerie Nord GmbH,https://suchen.mobile.de/fahrzeuge/details.html?id=379341341&dam=0&fr=2009%3A2011&isSearchRequest=true&ms=20100%3B17%3B%3B&pageNumber=5&pw=%3A295&ref=srp&refId=f2bd8bb2-a611-8af9-df04-059412b354a6&sb=rel&searchId=f2bd8bb2-a611-8af9-df04-059412b354a6&vc=Car,4 (Grün),Basaltschwarz-,,
103,76.982 km,01/2010,283 kW (385 PS),Schaltgetriebe,,Benzin,,Cabrio / Roadster,3.800 cm³,"ca. 10,8 l/100km (kombiniert)ca. 16,2 l/100km (innerorts)ca. 7,7 l/100km (außerorts)",ca. 254 g/km (kombiniert),2/3,Klimaautomatik,Blau,"Vollleder, Braun",54.800 €,TGA Biler,https://suchen.mobile.de/fahrzeuge/details.html?id=378563791&dam=0&fr=2009%3A2011&isSearchRequest=true&ms=20100%3B17%3B%3B&pageNumber=5&pw=%3A295&ref=srp&refId=f2bd8bb2-a611-8af9-df04-059412b354a6&sb=rel&searchId=f2bd8bb2-a611-8af9-df04-059412b354a6&vc=Car,,,,Benzin
104,81.303 km,05/2010,283 kW (385 PS),Automatik,4,Benzin,Unfallfrei,Cabrio / Roadster,3.800 cm³,"ca. 10,7 l/100km (kombiniert)ca. 16,1 l/100km (innerorts)ca. 7,7 l/100km (außerorts)",ca. 251 g/km (kombiniert),2/3,Klimaautomatik,Schwarz Metallic,"Vollleder, Schwarz",84.997 €,Porsche Zentrum Darmstadt - Wiest Sportwagen GmbH,https://suchen.mobile.de/fahrzeuge/details.html?id=376146283&dam=0&fr=2009%3A2011&isSearchRequest=true&ms=20100%3B17%3B%3B&pageNumber=5&pw=%3A295&ref=srp&refId=f2bd8bb2-a611-8af9-df04-059412b354a6&sb=rel&searchId=f2bd8bb2-a611-8af9-df04-059412b354a6&vc=Car,4 (Grün),Basaltschwarz-metallic,2010,
105,135.000 km,12/2009,283 kW (385 PS),Automatik,,Benzin,Unfallfrei,Cabrio / Roadster,3.800 cm³,"ca. 11,0 l/100km (kombiniert)ca. 16,5 l/100km (innerorts)ca. 7,9 l/100km (außerorts)",ca. 259 g/km (kombiniert),2/3,Klimaautomatik,Grau Metallic,"Vollleder, Andere",74.999 €,GARAGE 91 UG (haftungsbeschränkt) KFZ-HANDEL&VERMITTLUNG,https://suchen.mobile.de/fahrzeuge/details.html?id=364112598&dam=0&fr=2009%3A2011&isSearchRequest=true&ms=20100%3B17%3B%3B&pageNumber=5&pw=%3A295&ref=srp&refId=f2bd8bb2-a611-8af9-df04-059412b354a6&sb=rel&searchId=f2bd8bb2-a611-8af9-df04-059412b354a6&vc=Car,4 (Grün),,,Benzin
106,37.963 km,08/2011,254 kW (345 PS),Automatik,3,Benzin,Unfallfrei,Sportwagen / Coupé,3.614 cm³,"ca. 9,8 l/100km (kombiniert)ca. 14,7 l/100km (innerorts)ca. 7,0 l/100km (außerorts)",ca. 230 g/km (kombiniert),2/3,2-Zonen-Klimaautomatik,Schwarz,"Teilleder, Schwarz",68.999 €,Autohaus Kevek,https://suchen.mobile.de/fahrzeuge/details.html?id=377262151&dam=0&fr=2009%3A2011&isSearchRequest=true&ms=20100%3B17%3B%3B&pageNumber=5&pw=%3A295&ref=srp&refId=f2bd8bb2-a611-8af9-df04-059412b354a6&sb=rel&searchId=f2bd8bb2-a611-8af9-df04-059412b354a6&vc=Car,4 (Grün),Schwarz,,
107,57.225 km,04/2010,283 kW (385 PS),Automatik,3,Benzin,,Cabrio / Roadster,3.800 cm³,"ca. 10,3 l/100km (kombiniert)ca. 15,5 l/100km (innerorts)ca. 7,3 l/100km (außerorts)",ca. 242 g/km (kombiniert),2/3,Klimaautomatik,Weiß,"Vollleder, Andere",77.777 €,Porsche Zentrum Soest,https://suchen.mobile.de/fahrzeuge/details.html?id=375579929&dam=0&fr=2009%3A2011&isSearchRequest=true&ms=20100%3B17%3B%3B&pageNumber=5&pw=%3A295&ref=srp&refId=f2bd8bb2-a611-8af9-df04-059412b354a6&sb=rel&searchId=f2bd8bb2-a611-8af9-df04-059412b354a6&vc=Car,4 (Grün),Carraraweiß,2010,
108,174.767 km,11/2009,283 kW (385 PS),Automatik,,Benzin,Unfallfrei,Cabrio / Roadster,3.800 cm³,"ca. 10,7 l/100km (kombiniert)ca. 16,1 l/100km (innerorts)ca. 7,7 l/100km (außerorts)",ca. 251 g/km (kombiniert),2/3,Klimaautomatik,Schwarz Metallic,"Vollleder, Schwarz",58.999 €,Autohaus Koch GmbH,https://suchen.mobile.de/fahrzeuge/details.html?id=365932728&dam=0&fr=2009%3A2011&isSearchRequest=true&ms=20100%3B17%3B%3B&pageNumber=5&pw=%3A295&ref=srp&refId=f2bd8bb2-a611-8af9-df04-059412b354a6&sb=rel&searchId=f2bd8bb2-a611-8af9-df04-059412b354a6&vc=Car,4 (Grün),Basaltschwarz-metallic,,
109,154.644 km,01/2009,283 kW (385 PS),Schaltgetriebe,,Benzin,Unfallfrei,Cabrio / Roadster,3.800 cm³,"ca. 11,2 l/100km (kombiniert)ca. 18,6 l/100km (innerorts)ca. 8,0 l/100km (außerorts)",ca. 265 g/km (kombiniert),2/3,Klimaautomatik,Grau Metallic,"Vollleder, Schwarz",63.997 €,Garage 11 AB,https://suchen.mobile.de/fahrzeuge/details.html?id=375057020&dam=0&fr=2009%3A2011&isSearchRequest=true&ms=20100%3B17%3B%3B&pageNumber=5&pw=%3A295&ref=srp&refId=f2bd8bb2-a611-8af9-df04-059412b354a6&sb=rel&searchId=f2bd8bb2-a611-8af9-df04-059412b354a6&vc=Car,,Meteorgraumetallic,,
110,140.610 km,01/2009,283 kW (385 PS),Automatik,2,Benzin,Unfallfrei,Sportwagen / Coupé,3.800 cm³,"ca. 10,6 l/100km (kombiniert)ca. 15,9 l/100km (innerorts)ca. 7,6 l/100km (außerorts)",ca. 250 g/km (kombiniert),2/3,Klimaautomatik,Grau Metallic,"Vollleder, Andere",51.500 €,Gewerbe,https://suchen.mobile.de/fahrzeuge/details.html?id=377124434&dam=0&fr=2009%3A2011&isSearchRequest=true&ms=20100%3B17%3B%3B&pageNumber=5&pw=%3A295&ref=srp&refId=f2bd8bb2-a611-8af9-df04-059412b354a6&sb=rel&searchId=f2bd8bb2-a611-8af9-df04-059412b354a6&vc=Car,,,,
111,71.015 km,06/2009,283 kW (385 PS),Schaltgetriebe,3,Benzin,Unfallfrei,Cabrio / Roadster,3.800 cm³,"ca. 11,2 l/100km (kombiniert)ca. 18,6 l/100km (innerorts)ca. 8,0 l/100km (außerorts)",ca. 265 g/km (kombiniert),2/3,Klimaautomatik,Silber Metallic,"Vollleder, Schwarz",84.900 €,Werk 2 Sportwagen UG,https://suchen.mobile.de/fahrzeuge/details.html?id=375410703&dam=0&fr=2009%3A2011&isSearchRequest=true&ms=20100%3B17%3B%3B&pageNumber=5&pw=%3A295&ref=srp&refId=f2bd8bb2-a611-8af9-df04-059412b354a6&sb=rel&searchId=f2bd8bb2-a611-8af9-df04-059412b354a6&vc=Car,4 (Grün),Arktissilber-Metallic,,
112,63.490 km,03/2009,283 kW (385 PS),Automatik,4,Benzin,Reparierter Unfallschaden,Sportwagen / Coupé,3.800 cm³,"ca. 10,7 l/100km (kombiniert)ca. 15,8 l/100km (innerorts)ca. 7,7 l/100km (außerorts)",ca. 251 g/km (kombiniert),2/3,Klimaautomatik,Schwarz,"Vollleder, Schwarz",79.997 €,Porsche Zentrum Landau Graf Hardenberg Sportwagen GmbH,https://suchen.mobile.de/fahrzeuge/details.html?id=378920676&dam=0&fr=2009%3A2011&isSearchRequest=true&ms=20100%3B17%3B%3B&pageNumber=5&pw=%3A295&ref=srp&refId=f2bd8bb2-a611-8af9-df04-059412b354a6&sb=rel&searchId=f2bd8bb2-a611-8af9-df04-059412b354a6&vc=Car,4 (Grün),schwarz,,
113,59.375 km,02/2010,283 kW (385 PS),Automatik,3,Benzin,Unfallfrei,Cabrio / Roadster,3.800 cm³,"ca. 11,5 l/100km (kombiniert)ca. 16,7 l/100km (innerorts)ca. 8,2 l/100km (außerorts)",ca. 270 g/km (kombiniert),2/3,Klimaautomatik,Schwarz Metallic,"Vollleder, Schwarz",83.997 €,Privatanbieter,https://suchen.mobile.de/fahrzeuge/details.html?id=379029822&action=eyeCatcher&dam=0&fr=2009%3A2011&isSearchRequest=true&ms=20100%3B17%3B%3B&pageNumber=5&pw=%3A295&ref=srp&refId=f2bd8bb2-a611-8af9-df04-059412b354a6&sb=rel&searchId=f2bd8bb2-a611-8af9-df04-059412b354a6&vc=Car,4 (Grün),,,
114,117.000 km,08/2011,254 kW (345 PS),Halbautomatik,3,Benzin,,Sportwagen / Coupé,3.614 cm³,,,2/3,Klimaautomatik,Schwarz Metallic,"Vollleder, Schwarz",59.500 €,Movendi GmbH & Co.KG,https://suchen.mobile.de/fahrzeuge/details.html?id=379864870&dam=0&fr=2009%3A2011&isSearchRequest=true&ms=20100%3B17%3B%3B&pageNumber=5&pw=%3A295&ref=srp&refId=f2bd8bb2-a611-8af9-df04-059412b354a6&sb=rel&searchId=f2bd8bb2-a611-8af9-df04-059412b354a6&vc=Car,,Basaltschwarz,,
115,37.504 km,01/2010,254 kW (345 PS),Schaltgetriebe,2,Benzin,Unfallfrei,Cabrio / Roadster,3.614 cm³,"ca. 10,4 l/100km (kombiniert)ca. 15,6 l/100km (innerorts)ca. 7,5 l/100km (außerorts)",ca. 245 g/km (kombiniert),2/3,Klimaautomatik,Schwarz,"Vollleder, Schwarz",69.900 €,B&K Sportwagen Rheinland GmbH,https://suchen.mobile.de/fahrzeuge/details.html?id=368087247&dam=0&fr=2009%3A2011&isSearchRequest=true&ms=20100%3B17%3B%3B&pageNumber=5&pw=%3A295&ref=srp&refId=f2bd8bb2-a611-8af9-df04-059412b354a6&sb=rel&searchId=f2bd8bb2-a611-8af9-df04-059412b354a6&vc=Car,4 (Grün),Schwarz,,
116,122.655 km,05/2009,254 kW (345 PS),Schaltgetriebe,3,Benzin,Unfallfrei,Cabrio / Roadster,3.614 cm³,"ca. 10,4 l/100km (kombiniert)ca. 15,6 l/100km (innerorts)ca. 7,5 l/100km (außerorts)",ca. 245 g/km (kombiniert),2/3,Klimaautomatik,Schwarz Metallic,Schwarz,56.500 €,Autohaus Vogt GmbH + Co. KG,https://suchen.mobile.de/fahrzeuge/details.html?id=350885984&dam=0&fr=2009%3A2011&isSearchRequest=true&ms=20100%3B17%3B%3B&pageNumber=5&pw=%3A295&ref=srp&refId=f2bd8bb2-a611-8af9-df04-059412b354a6&sb=rel&searchId=f2bd8bb2-a611-8af9-df04-059412b354a6&vc=Car,,Basaltschwarz-metallic,,
117,63.000 km,09/2009,283 kW (385 PS),Automatik,1,Benzin,Reparierter Unfallschaden,Sportwagen / Coupé,3.800 cm³,"ca. 10,2 l/100km (kombiniert)ca. 15,3 l/100km (innerorts)ca. 7,3 l/100km (außerorts)",ca. 240 g/km (kombiniert),2/3,Klimaautomatik,Grau Metallic,"Vollleder, Schwarz",98.500 €,Autohaus Göktepe GmbH & Co. KG,https://suchen.mobile.de/fahrzeuge/details.html?id=371462301&dam=0&fr=2009%3A2011&isSearchRequest=true&ms=20100%3B17%3B%3B&pageNumber=5&pw=%3A295&ref=srp&refId=f2bd8bb2-a611-8af9-df04-059412b354a6&sb=rel&searchId=f2bd8bb2-a611-8af9-df04-059412b354a6&vc=Car,4 (Grün),Meteorgraumetallic,,
118,35.700 km,09/2011,254 kW (345 PS),Automatik,2,Benzin,Unfallfrei,Sportwagen / Coupé,3.614 cm³,"ca. 10,3 l/100km (kombiniert)ca. 15,5 l/100km (innerorts)ca. 7,4 l/100km (außerorts)",ca. 242 g/km (kombiniert),2/3,Klimaautomatik,Schwarz,"Vollleder, Schwarz",74.950 €,Privatanbieter,https://suchen.mobile.de/fahrzeuge/details.html?id=378479933&action=eyeCatcher&dam=0&fr=2009%3A2011&isSearchRequest=true&ms=20100%3B17%3B%3B&pageNumber=5&pw=%3A295&ref=srp&refId=f2bd8bb2-a611-8af9-df04-059412b354a6&sb=rel&searchId=f2bd8bb2-a611-8af9-df04-059412b354a6&vc=Car,4 (Grün),,,
119,39.100 km,12/2009,283 kW (385 PS),Automatik,4,Benzin,Unfallfrei,Cabrio / Roadster,3.800 cm³,"ca. 10,8 l/100km (kombiniert)ca. 16,2 l/100km (innerorts)ca. 7,7 l/100km (außerorts)",ca. 254 g/km (kombiniert),2/3,2-Zonen-Klimaautomatik,Schwarz Metallic,"Vollleder, Schwarz",73.997 €,Privatanbieter,https://suchen.mobile.de/fahrzeuge/details.html?id=374083070&action=eyeCatcher&dam=0&fr=2009%3A2011&isSearchRequest=true&ms=20100%3B17%3B%3B&pageNumber=5&pw=%3A295&ref=srp&refId=f2bd8bb2-a611-8af9-df04-059412b354a6&sb=rel&searchId=f2bd8bb2-a611-8af9-df04-059412b354a6&vc=Car,4 (Grün),,,
120,114.500 km,05/2009,283 kW (385 PS),Schaltgetriebe,,Benzin,,Cabrio / Roadster,3.800 cm³,"ca. 11,2 l/100km (kombiniert)ca. 18,6 l/100km (innerorts)ca. 8,0 l/100km (außerorts)",ca. 265 g/km (kombiniert),2/3,Klimaautomatik,Schwarz Metallic,"Vollleder, Schwarz",67.450 €,Autohaus KAMAN,https://suchen.mobile.de/fahrzeuge/details.html?id=365743142&dam=0&fr=2009%3A2011&isSearchRequest=true&ms=20100%3B17%3B%3B&pageNumber=4&pw=%3A295&ref=srp&refId=537b12b1-0a75-36e8-aff2-a5ea34f2ee70&sb=rel&searchId=537b12b1-0a75-36e8-aff2-a5ea34f2ee70&vc=Car,4 (Grün),Basaltschwarz-metallic,,
121,63.500 km,11/2010,254 kW (345 PS),Automatik,3,Benzin,Unfallfrei,Cabrio / Roadster,3.614 cm³,"ca. 9,9 l/100km (kombiniert)ca. 14,9 l/100km (innerorts)ca. 7,1 l/100km (außerorts)",ca. 233 g/km (kombiniert),2/3,Klimaautomatik,Silber Metallic,"Vollleder, Schwarz",67.880 €,Günther Autos & Service GmbH,https://suchen.mobile.de/fahrzeuge/details.html?id=380040122&dam=0&fr=2009%3A2011&isSearchRequest=true&ms=20100%3B17%3B%3B&pageNumber=4&pw=%3A295&ref=srp&refId=537b12b1-0a75-36e8-aff2-a5ea34f2ee70&sb=rel&searchId=537b12b1-0a75-36e8-aff2-a5ea34f2ee70&vc=Car,4 (Grün),Platinsilber,,
122,80.244 km,03/2009,261 kW (355 PS),Schaltgetriebe,,Benzin,Unfallfrei,Cabrio / Roadster,3.824 cm³,"ca. 11,2 l/100km (kombiniert)ca. 18,6 l/100km (innerorts)ca. 8,0 l/100km (außerorts)",ca. 265 g/km (kombiniert),2/3,Klimaautomatik,Schwarz Metallic,"Vollleder, Schwarz",68.911 €,NIC SPORTWAGEN HAMBURG Nic Brecht,https://suchen.mobile.de/fahrzeuge/details.html?id=377315716&dam=0&fr=2009%3A2011&isSearchRequest=true&ms=20100%3B17%3B%3B&pageNumber=4&pw=%3A295&ref=srp&refId=537b12b1-0a75-36e8-aff2-a5ea34f2ee70&sb=rel&searchId=537b12b1-0a75-36e8-aff2-a5ea34f2ee70&vc=Car,4 (Grün),Basaltschwarz Metallic,,
123,90.000 km,05/2010,283 kW (385 PS),Automatik,1,Benzin,,Cabrio / Roadster,3.800 cm³,"ca. 10,7 l/100km (kombiniert)ca. 16,1 l/100km (innerorts)ca. 7,7 l/100km (außerorts)",ca. 251 g/km (kombiniert),2/3,Klimaautomatik,Weiß,"Vollleder, Schwarz",75.999 €,Automobile Nazzal GmbH exklusiv,https://suchen.mobile.de/fahrzeuge/details.html?id=378329335&dam=0&fr=2009%3A2011&isSearchRequest=true&ms=20100%3B17%3B%3B&pageNumber=4&pw=%3A295&ref=srp&refId=537b12b1-0a75-36e8-aff2-a5ea34f2ee70&sb=rel&searchId=537b12b1-0a75-36e8-aff2-a5ea34f2ee70&vc=Car,4 (Grün),Carraraweiß,,
124,74.800 km,02/2011,283 kW (385 PS),Automatik,,Benzin,,Sportwagen / Coupé,3.800 cm³,"ca. 10,7 l/100km (kombiniert)ca. 15,8 l/100km (innerorts)ca. 7,7 l/100km (außerorts)",ca. 251 g/km (kombiniert),2/3,Klimaautomatik,Schwarz Metallic,"Vollleder, Schwarz",74.800 €,Autohaus KAMAN,https://suchen.mobile.de/fahrzeuge/details.html?id=370060364&dam=0&fr=2009%3A2011&isSearchRequest=true&ms=20100%3B17%3B%3B&pageNumber=4&pw=%3A295&ref=srp&refId=537b12b1-0a75-36e8-aff2-a5ea34f2ee70&sb=rel&searchId=537b12b1-0a75-36e8-aff2-a5ea34f2ee70&vc=Car,4 (Grün),Basaltschwarz-metallic,,
125,60.500 km,10/2011,283 kW (385 PS),Automatik,3,"Benzin, E10-geeignet",Unfallfrei,Cabrio / Roadster,3.800 cm³,"ca. 10,3 l/100km (kombiniert)ca. 15,5 l/100km (innerorts)ca. 7,3 l/100km (außerorts)",ca. 242 g/km (kombiniert),2/3,Klimaautomatik,Schwarz,"Vollleder, Schwarz",81.900 €,Porsche Zentrum Altötting,https://suchen.mobile.de/fahrzeuge/details.html?id=379189801&dam=0&fr=2009%3A2011&isSearchRequest=true&ms=20100%3B17%3B%3B&pageNumber=4&pw=%3A295&ref=srp&refId=537b12b1-0a75-36e8-aff2-a5ea34f2ee70&sb=rel&searchId=537b12b1-0a75-36e8-aff2-a5ea34f2ee70&vc=Car,4 (Grün),schwarz,,Benzin Super
126,69.997 km,12/2010,254 kW (345 PS),Automatik,2,Benzin,Unfallfrei,Cabrio / Roadster,3.614 cm³,"ca. 9,9 l/100km (kombiniert)ca. 14,9 l/100km (innerorts)ca. 7,0 l/100km (außerorts)",ca. 233 g/km (kombiniert),2/3,Klimaautomatik,Weiß,"Vollleder, Schwarz",74.790 €,Porsche Zentrum Limburg,https://suchen.mobile.de/fahrzeuge/details.html?id=378313883&dam=0&fr=2009%3A2011&isSearchRequest=true&ms=20100%3B17%3B%3B&pageNumber=4&pw=%3A295&ref=srp&refId=537b12b1-0a75-36e8-aff2-a5ea34f2ee70&sb=rel&searchId=537b12b1-0a75-36e8-aff2-a5ea34f2ee70&vc=Car,4 (Grün),Carraraweiß,2010,
127,160.815 km,04/2011,283 kW (385 PS),Automatik,1,Benzin,,Cabrio / Roadster,3.800 cm³,"ca. 10,7 l/100km (kombiniert)ca. 16,1 l/100km (innerorts)ca. 7,7 l/100km (außerorts)",ca. 251 g/km (kombiniert),2/3,Klimaautomatik,Weiß,"Vollleder, Schwarz",60.990 €,L-Cars GmbH,https://suchen.mobile.de/fahrzeuge/details.html?id=375839294&dam=0&fr=2009%3A2011&isSearchRequest=true&ms=20100%3B17%3B%3B&pageNumber=4&pw=%3A295&ref=srp&refId=537b12b1-0a75-36e8-aff2-a5ea34f2ee70&sb=rel&searchId=537b12b1-0a75-36e8-aff2-a5ea34f2ee70&vc=Car,4 (Grün),Carraraweiß,,
128,92.500 km,03/2009,283 kW (385 PS),Automatik,2,Benzin,Unfallfrei,Sportwagen / Coupé,3.800 cm³,"ca. 10,7 l/100km (kombiniert)ca. 15,8 l/100km (innerorts)ca. 7,7 l/100km (außerorts)",ca. 251 g/km (kombiniert),2/3,Klimaautomatik,Braun Metallic,"Teilleder, Schwarz",73.900 €,Bömer & VanOch GmbH,https://suchen.mobile.de/fahrzeuge/details.html?id=377578309&dam=0&fr=2009%3A2011&isSearchRequest=true&ms=20100%3B17%3B%3B&pageNumber=4&pw=%3A295&ref=srp&refId=537b12b1-0a75-36e8-aff2-a5ea34f2ee70&sb=rel&searchId=537b12b1-0a75-36e8-aff2-a5ea34f2ee70&vc=Car,4 (Grün),Macadamiametallic,,
129,125.750 km,05/2009,283 kW (385 PS),Schaltgetriebe,2,Benzin,Unfallfrei,Cabrio / Roadster,3.800 cm³,"ca. 11,2 l/100km (kombiniert)ca. 18,6 l/100km (innerorts)ca. 8,0 l/100km (außerorts)",ca. 265 g/km (kombiniert),2/3,Klimaautomatik,Schwarz Metallic,"Vollleder, Schwarz",69.899 €,Autohaus Deniz GmbH,https://suchen.mobile.de/fahrzeuge/details.html?id=378298655&dam=0&fr=2009%3A2011&isSearchRequest=true&ms=20100%3B17%3B%3B&pageNumber=4&pw=%3A295&ref=srp&refId=537b12b1-0a75-36e8-aff2-a5ea34f2ee70&sb=rel&searchId=537b12b1-0a75-36e8-aff2-a5ea34f2ee70&vc=Car,,Basaltschwarz-metallic,,
130,42.500 km,01/2011,283 kW (385 PS),Schaltgetriebe,5,"Benzin, E10-geeignet",Unfallfrei,Cabrio / Roadster,3.800 cm³,"ca. 10,8 l/100km (kombiniert)ca. 16,2 l/100km (innerorts)ca. 7,8 l/100km (außerorts)",ca. 256 g/km (kombiniert),2/3,Klimaautomatik,Schwarz Metallic,"Vollleder, Andere",69.890 €,AVP Sportwagen GmbH Porsche Zentrum Niederbayern,https://suchen.mobile.de/fahrzeuge/details.html?id=369230172&dam=0&fr=2009%3A2011&isSearchRequest=true&ms=20100%3B17%3B%3B&pageNumber=4&pw=%3A295&ref=srp&refId=537b12b1-0a75-36e8-aff2-a5ea34f2ee70&sb=rel&searchId=537b12b1-0a75-36e8-aff2-a5ea34f2ee70&vc=Car,4 (Grün),basaltschwarz,,Benzin Super
131,115.317 km,09/2010,283 kW (385 PS),Automatik,4,Benzin,Unfallfrei,Cabrio / Roadster,3.800 cm³,"ca. 11,2 l/100km (kombiniert)ca. 16,8 l/100km (innerorts)ca. 8,0 l/100km (außerorts)",ca. 263 g/km (kombiniert),2/3,Klimaautomatik,Grau Metallic,"Vollleder, Schwarz",76.997 €,Privatanbieter,https://suchen.mobile.de/fahrzeuge/details.html?id=379741354&action=eyeCatcher&dam=0&fr=2009%3A2011&isSearchRequest=true&ms=20100%3B17%3B%3B&pageNumber=4&pw=%3A295&ref=srp&refId=537b12b1-0a75-36e8-aff2-a5ea34f2ee70&sb=rel&searchId=537b12b1-0a75-36e8-aff2-a5ea34f2ee70&vc=Car,4 (Grün),,,
132,58.032 km,10/2010,254 kW (345 PS),Automatik,3,Benzin,Unfallfrei,Sportwagen / Coupé,3.614 cm³,"ca. 10,3 l/100km (kombiniert)ca. 15,5 l/100km (innerorts)ca. 7,4 l/100km (außerorts)",ca. 242 g/km (kombiniert),2/3,Klimaautomatik,Weiß,"Vollleder, Andere",69.900 €,Automobile Issler,https://suchen.mobile.de/fahrzeuge/details.html?id=378043820&dam=0&fr=2009%3A2011&isSearchRequest=true&ms=20100%3B17%3B%3B&pageNumber=4&pw=%3A295&ref=srp&refId=537b12b1-0a75-36e8-aff2-a5ea34f2ee70&sb=rel&searchId=537b12b1-0a75-36e8-aff2-a5ea34f2ee70&vc=Car,4 (Grün),Carraraweiß,,
133,117.000 km,10/2009,283 kW (385 PS),Schaltgetriebe,3,Benzin,Unfallfrei,Sportwagen / Coupé,3.800 cm³,"ca. 10,6 l/100km (kombiniert)ca. 15,9 l/100km (innerorts)ca. 7,6 l/100km (außerorts)",ca. 250 g/km (kombiniert),2/3,Klimaautomatik,Grün Metallic,"Vollleder, Schwarz",74.997 €,Privatanbieter,https://suchen.mobile.de/fahrzeuge/details.html?id=379790781&action=eyeCatcher&dam=0&fr=2009%3A2011&isSearchRequest=true&ms=20100%3B17%3B%3B&pageNumber=4&pw=%3A295&ref=srp&refId=537b12b1-0a75-36e8-aff2-a5ea34f2ee70&sb=rel&searchId=537b12b1-0a75-36e8-aff2-a5ea34f2ee70&vc=Car,4 (Grün),,,
134,60.000 km,05/2010,283 kW (385 PS),Automatik,,Benzin,Unfallfrei,Cabrio / Roadster,3.800 cm³,"ca. 10,3 l/100km (kombiniert)ca. 15,5 l/100km (innerorts)ca. 7,3 l/100km (außerorts)",ca. 242 g/km (kombiniert),2/3,2-Zonen-Klimaautomatik,Weiß Metallic,"Vollleder, Braun",69.950 €,Autohaus Pkw Koeln GmbH,https://suchen.mobile.de/fahrzeuge/details.html?id=377435296&dam=0&fr=2009%3A2011&isSearchRequest=true&ms=20100%3B17%3B%3B&pageNumber=4&pw=%3A295&ref=srp&refId=537b12b1-0a75-36e8-aff2-a5ea34f2ee70&sb=rel&searchId=537b12b1-0a75-36e8-aff2-a5ea34f2ee70&vc=Car,4 (Grün),Carraraweiß,,
135,67.500 km,01/2009,283 kW (385 PS),Automatik,,Benzin,Unfallfrei,Cabrio / Roadster,3.800 cm³,"ca. 10,3 l/100km (kombiniert)ca. 15,5 l/100km (innerorts)ca. 7,3 l/100km (außerorts)",ca. 242 g/km (kombiniert),2/3,Klimaautomatik,Schwarz,"Alcantara, Schwarz",69.900 €,Speedialists GmbH,https://suchen.mobile.de/fahrzeuge/details.html?id=373176856&dam=0&fr=2009%3A2011&isSearchRequest=true&ms=20100%3B17%3B%3B&pageNumber=4&pw=%3A295&ref=srp&refId=537b12b1-0a75-36e8-aff2-a5ea34f2ee70&sb=rel&searchId=537b12b1-0a75-36e8-aff2-a5ea34f2ee70&vc=Car,,Schwarz,,
136,75.300 km,06/2011,254 kW (345 PS),Automatik,,Benzin,Unfallfrei,Cabrio / Roadster,3.614 cm³,"ca. 10,4 l/100km (kombiniert)ca. 15,6 l/100km (innerorts)ca. 7,5 l/100km (außerorts)",ca. 245 g/km (kombiniert),2/3,Klimaanlage,Schwarz Metallic,"Vollleder, Schwarz",84.000 €,AUTOVERGIATE F.LLI ROSSI SRL,https://suchen.mobile.de/fahrzeuge/details.html?id=373472477&dam=0&fr=2009%3A2011&isSearchRequest=true&ms=20100%3B17%3B%3B&pageNumber=4&pw=%3A295&ref=srp&refId=537b12b1-0a75-36e8-aff2-a5ea34f2ee70&sb=rel&searchId=537b12b1-0a75-36e8-aff2-a5ea34f2ee70&vc=Car,,Nero,,
137,84.178 km,03/2010,283 kW (385 PS),Automatik,,Benzin,,Cabrio / Roadster,3.800 cm³,"ca. 10,7 l/100km (kombiniert)ca. 16,1 l/100km (innerorts)ca. 7,7 l/100km (außerorts)",ca. 251 g/km (kombiniert),2/3,Klimaautomatik,Weiß,"Vollleder, Braun",85.000 €,Maessen Classics & Sportcars B.V.,https://suchen.mobile.de/fahrzeuge/details.html?id=378875279&dam=0&fr=2009%3A2011&isSearchRequest=true&ms=20100%3B17%3B%3B&pageNumber=4&pw=%3A295&ref=srp&refId=537b12b1-0a75-36e8-aff2-a5ea34f2ee70&sb=rel&searchId=537b12b1-0a75-36e8-aff2-a5ea34f2ee70&vc=Car,,Hell Creme wit,2010,Benzin
138,73.000 km,01/2009,283 kW (385 PS),Automatik,,Benzin,Unfallfrei,Cabrio / Roadster,3.800 cm³,"ca. 10,3 l/100km (kombiniert)ca. 15,5 l/100km (innerorts)ca. 7,3 l/100km (außerorts)",ca. 242 g/km (kombiniert),2/3,Klimaautomatik,Grau Metallic,"Vollleder, Braun",73.800 €,H.Waltner GmbH,https://suchen.mobile.de/fahrzeuge/details.html?id=378714911&dam=0&fr=2009%3A2011&isSearchRequest=true&ms=20100%3B17%3B%3B&pageNumber=4&pw=%3A295&ref=srp&refId=537b12b1-0a75-36e8-aff2-a5ea34f2ee70&sb=rel&searchId=537b12b1-0a75-36e8-aff2-a5ea34f2ee70&vc=Car,4 (Grün),Meteorgraumetallic,,
139,78.000 km,03/2009,283 kW (385 PS),Automatik,2,Benzin,Unfallfrei,Cabrio / Roadster,3.800 cm³,"ca. 10,7 l/100km (kombiniert)ca. 16,1 l/100km (innerorts)ca. 7,7 l/100km (außerorts)",ca. 251 g/km (kombiniert),2/3,Klimaautomatik,Grau Metallic,"Vollleder, Braun",76.900 €,Annaberg Automobile,https://suchen.mobile.de/fahrzeuge/details.html?id=367030275&dam=0&fr=2009%3A2011&isSearchRequest=true&ms=20100%3B17%3B%3B&pageNumber=4&pw=%3A295&ref=srp&refId=537b12b1-0a75-36e8-aff2-a5ea34f2ee70&sb=rel&searchId=537b12b1-0a75-36e8-aff2-a5ea34f2ee70&vc=Car,4 (Grün),Schiefergraumetallic,,
140,82.000 km,05/2011,283 kW (385 PS),Automatik,1,Benzin,Unfallfrei,Sportwagen / Coupé,3.800 cm³,"ca. 11,0 l/100km (kombiniert)ca. 16,5 l/100km (innerorts)ca. 7,9 l/100km (außerorts)",ca. 259 g/km (kombiniert),,2-Zonen-Klimaautomatik,Schwarz,"Vollleder, Beige",76.000 €,Privatanbieter,https://suchen.mobile.de/fahrzeuge/details.html?id=380043353&dam=0&fr=2009%3A2011&isSearchRequest=true&ms=20100%3B17%3B%3B&pageNumber=7&pw=%3A295&ref=srp&refId=88a9c63e-950f-1558-9fc1-cca59e925faf&sb=rel&searchId=88a9c63e-950f-1558-9fc1-cca59e925faf&vc=Car,,,,
141,37.500 km,11/2010,283 kW (385 PS),Automatik,,Benzin,,Sportwagen / Coupé,3.800 cm³,"ca. 11,0 l/100km (kombiniert)ca. 16,5 l/100km (innerorts)ca. 7,9 l/100km (außerorts)",ca. 259 g/km (kombiniert),2/3,Klimaautomatik,Schwarz Metallic,"Vollleder, Schwarz",69.800 €,Autohaus Cars and More,https://suchen.mobile.de/fahrzeuge/details.html?id=368853954&dam=0&fr=2009%3A2011&isSearchRequest=true&ms=20100%3B17%3B%3B&pageNumber=7&pw=%3A295&ref=srp&refId=88a9c63e-950f-1558-9fc1-cca59e925faf&sb=rel&searchId=88a9c63e-950f-1558-9fc1-cca59e925faf&vc=Car,4 (Grün),,,
142,122.133 km,07/2009,283 kW (385 PS),Automatik,3,Benzin,,Cabrio / Roadster,3.800 cm³,"ca. 10,7 l/100km (kombiniert)ca. 16,1 l/100km (innerorts)ca. 7,7 l/100km (außerorts)",ca. 251 g/km (kombiniert),2/3,Klimaautomatik,Braun Metallic,"Vollleder, Braun",66.997 €,Sportwagenzentrum OWL GmbH,https://suchen.mobile.de/fahrzeuge/details.html?id=376495076&dam=0&fr=2009%3A2011&isSearchRequest=true&ms=20100%3B17%3B%3B&pageNumber=2&pw=%3A295&ref=srp&refId=6198d15e-739c-eec0-402b-9ddcb60400e6&sb=rel&searchId=6198d15e-739c-eec0-402b-9ddcb60400e6&vc=Car,4 (Grün),Macadamiametallic,,
143,99.950 km,04/2009,254 kW (345 PS),Schaltgetriebe,2,Benzin,Unfallfrei,Cabrio / Roadster,3.614 cm³,"ca. 10,4 l/100km (kombiniert)ca. 15,6 l/100km (innerorts)ca. 7,5 l/100km (außerorts)",ca. 245 g/km (kombiniert),2/3,Klimaautomatik,Grau Metallic,"Vollleder, Andere",64.500 €,Sportwagen NOWA,https://suchen.mobile.de/fahrzeuge/details.html?id=358029118&dam=0&fr=2009%3A2011&isSearchRequest=true&ms=20100%3B17%3B%3B&pageNumber=6&pw=%3A295&ref=srp&refId=572bdb20-3aef-d80f-9abc-1a836ba7cd70&sb=rel&searchId=572bdb20-3aef-d80f-9abc-1a836ba7cd70&vc=Car,4 (Grün),Meteorgraumetallic,,
144,62.780 km,09/2010,254 kW (345 PS),Automatik,2,"Benzin, E10-geeignet",,Sportwagen / Coupé,3.614 cm³,"ca. 10,3 l/100km (kombiniert)ca. 15,5 l/100km (innerorts)ca. 7,4 l/100km (außerorts)",ca. 242 g/km (kombiniert),2/3,Klimaautomatik,Schwarz Metallic,"Vollleder, Schwarz",67.900 €,Fahrzeug Arena Ilsfeld GmbH,https://suchen.mobile.de/fahrzeuge/details.html?id=376721892&dam=0&fr=2009%3A2011&isSearchRequest=true&ms=20100%3B17%3B%3B&pageNumber=1&pw=%3A295&ref=srp&refId=967bcd39-8c23-1ad8-77f0-fe48611cccda&sb=rel&searchId=967bcd39-8c23-1ad8-77f0-fe48611cccda&vc=Car,4 (Grün),Basaltschwarz-metallic,,
145,148.109 km,07/2011,254 kW (345 PS),Schaltgetriebe,,Benzin,,Sportwagen / Coupé,3.614 cm³,"ca. 10,4 l/100km (kombiniert)ca. 15,6 l/100km (innerorts)ca. 7,5 l/100km (außerorts)",ca. 245 g/km (kombiniert),2/3,Klimaautomatik,Grau Metallic,"Vollleder, Schwarz",54.980 €,METEK-GMBH Fahrzeughandel,https://suchen.mobile.de/fahrzeuge/details.html?id=377950740&dam=0&fr=2009%3A2011&isSearchRequest=true&ms=20100%3B17%3B%3B&pageNumber=1&pw=%3A295&ref=srp&refId=967bcd39-8c23-1ad8-77f0-fe48611cccda&sb=rel&searchId=967bcd39-8c23-1ad8-77f0-fe48611cccda&vc=Car,4 (Grün),Meteorgraumetallic,,
146,119.500 km,03/2009,261 kW (355 PS),Schaltgetriebe,3,Benzin,Unfallfrei,Sportwagen / Coupé,3.824 cm³,"ca. 11,8 l/100km (kombiniert)ca. 17,5 l/100km (innerorts)ca. 8,5 l/100km (außerorts)",ca. 285 g/km (kombiniert),2/3,Klimaautomatik,Schwarz Metallic,"Vollleder, Schwarz",58.400 €,Privatanbieter,https://suchen.mobile.de/fahrzeuge/details.html?id=379081477&action=eyeCatcher&dam=0&fr=2009%3A2011&isSearchRequest=true&ms=20100%3B17%3B%3B&pageNumber=1&pw=%3A295&ref=srp&refId=967bcd39-8c23-1ad8-77f0-fe48611cccda&sb=rel&searchId=967bcd39-8c23-1ad8-77f0-fe48611cccda&vc=Car,4 (Grün),,,
147,138.000 km,07/2010,283 kW (385 PS),Automatik,,Benzin,Unfallfrei,Sportwagen / Coupé,3.800 cm³,"ca. 10,7 l/100km (kombiniert)ca. 15,8 l/100km (innerorts)ca. 7,7 l/100km (außerorts)",ca. 251 g/km (kombiniert),2/3,Klimaautomatik,Schwarz Metallic,"Vollleder, Schwarz",61.997 €,MLA Motors,https://suchen.mobile.de/fahrzeuge/details.html?id=377489632&dam=0&fr=2009%3A2011&isSearchRequest=true&ms=20100%3B17%3B%3B&pageNumber=3&pw=%3A295&ref=srp&refId=cd7682aa-07c1-d4ba-5b1c-28258fd96c82&sb=rel&searchId=cd7682aa-07c1-d4ba-5b1c-28258fd96c82&vc=Car,,Basaltschwarz-metallic,,
148,97.000 km,02/2009,254 kW (345 PS),Automatik,3,Benzin,Unfallfrei,Cabrio / Roadster,3.614 cm³,"ca. 9,9 l/100km (kombiniert)ca. 14,9 l/100km (innerorts)ca. 7,1 l/100km (außerorts)",ca. 233 g/km (kombiniert),2/3,Klimaautomatik,Schwarz Metallic,"Vollleder, Beige",66.799 €,Autohalle Niefern,https://suchen.mobile.de/fahrzeuge/details.html?id=362097191&dam=0&fr=2009%3A2011&isSearchRequest=true&ms=20100%3B17%3B%3B&pageNumber=3&pw=%3A295&ref=srp&refId=cd7682aa-07c1-d4ba-5b1c-28258fd96c82&sb=rel&searchId=cd7682aa-07c1-d4ba-5b1c-28258fd96c82&vc=Car,4 (Grün),Basaltschwarz-metallic,,
149,99.999 km,11/2011,254 kW (345 PS),Schaltgetriebe,1,Benzin,,Sportwagen / Coupé,3.614 cm³,"ca. 10,6 l/100km (kombiniert)ca. 15,9 l/100km (innerorts)ca. 7,7 l/100km (außerorts)",ca. 249 g/km (kombiniert),2/3,2-Zonen-Klimaautomatik,Schwarz,"Vollleder, Beige",75.999 €,MDP CAR FACTORY,https://suchen.mobile.de/fahrzeuge/details.html?id=373454991&dam=0&fr=2009%3A2011&isSearchRequest=true&ms=20100%3B17%3B%3B&pageNumber=3&pw=%3A295&ref=srp&refId=cd7682aa-07c1-d4ba-5b1c-28258fd96c82&sb=rel&searchId=cd7682aa-07c1-d4ba-5b1c-28258fd96c82&vc=Car,4 (Grün),Schwarz Uni,,
150,154.915 km,04/2009,283 kW (385 PS),Automatik,,Benzin,Unfallfrei,Sportwagen / Coupé,3.800 cm³,"ca. 10,7 l/100km (kombiniert)ca. 15,8 l/100km (innerorts)ca. 7,7 l/100km (außerorts)",ca. 251 g/km (kombiniert),2/3,Klimaautomatik,Silber Metallic,"Vollleder, Schwarz",67.997 €,Garage 11 AB,https://suchen.mobile.de/fahrzeuge/details.html?id=374288795&dam=0&fr=2009%3A2011&isSearchRequest=true&ms=20100%3B17%3B%3B&pageNumber=5&pw=%3A295&ref=srp&refId=f2bd8bb2-a611-8af9-df04-059412b354a6&sb=rel&searchId=f2bd8bb2-a611-8af9-df04-059412b354a6&vc=Car,,Arktissilber-Metallic,,
